<?xml version="1.0" encoding="UTF-8"?>
<sbml xmlns="http://www.sbml.org/sbml/level3/version1/core" level="3" version="1">
  <model substanceUnits="mole" timeUnits="second" volumeUnits="litre" areaUnits="square_metre" lengthUnits="metre" extentUnits="mole">
    <listOfUnitDefinitions>
      <unitDefinition id="square_metre">
        <listOfUnits>
          <unit kind="metre" exponent="2" scale="0" multiplier="1"/>
        </listOfUnits>
      </unitDefinition>
    </listOfUnitDefinitions>
    <listOfCompartments>
      <compartment id="default" spatialDimensions="3" size="1e-06" constant="true"/>
    </listOfCompartments>
    <listOfSpecies>
      <species id="enzyme_enzyme1" name="enzyme_enzyme1" compartment="default" initialConcentration="0" hasOnlySubstanceUnits="false" boundaryCondition="false" constant="false"/>
      <species id="metabolite_atp" name="metabolite_atp" compartment="default" initialConcentration="0" hasOnlySubstanceUnits="false" boundaryCondition="false" constant="false"/>
      <species id="molecule_glucose" name="molecule_glucose" compartment="default" initialConcentration="0" hasOnlySubstanceUnits="false" boundaryCondition="false" constant="false"/>
      <species id="molecule_f16p" name="molecule_f16p" compartment="default" initialConcentration="0" hasOnlySubstanceUnits="false" boundaryCondition="false" constant="false"/>
      <species id="metabolite_adp" name="metabolite_adp" compartment="default" initialConcentration="0" hasOnlySubstanceUnits="false" boundaryCondition="false" constant="false"/>
      <species id="complex_enzyme_enzyme1_2x_metabolite_atp_molecule_glucose" name="complex_enzyme_enzyme1_2x_metabolite_atp_molecule_glucose" compartment="default" initialConcentration="0" hasOnlySubstanceUnits="false" boundaryCondition="false" constant="false"/>
      <species id="complex_enzyme_enzyme1_2x_metabolite_adp_molecule_f16p" name="complex_enzyme_enzyme1_2x_metabolite_adp_molecule_f16p" compartment="default" initialConcentration="0" hasOnlySubstanceUnits="false" boundaryCondition="false" constant="false"/>
    </listOfSpecies>
    <listOfReactions>
      <reaction id="r0" reversible="false" fast="false">
        <annotation>
          <PropensityType> type=massaction k=22.68</PropensityType>
        </annotation>
        <listOfReactants>
          <speciesReference species="enzyme_enzyme1" stoichiometry="1" constant="false"/>
          <speciesReference species="metabolite_atp" stoichiometry="2" constant="false"/>
          <speciesReference species="molecule_glucose" stoichiometry="1" constant="false"/>
        </listOfReactants>
        <listOfProducts>
          <speciesReference species="complex_enzyme_enzyme1_2x_metabolite_atp_molecule_glucose" constant="false"/>
        </listOfProducts>
        <kineticLaw>
          <math xmlns="http://www.w3.org/1998/Math/MathML">
            <apply>
              <times/>
              <ci> k </ci>
              <ci> enzyme_enzyme1 </ci>
              <apply>
                <power/>
                <ci> metabolite_atp </ci>
                <cn type="integer"> 2 </cn>
              </apply>
              <ci> molecule_glucose </ci>
            </apply>
          </math>
          <listOfLocalParameters>
            <localParameter id="k" value="22.68"/>
          </listOfLocalParameters>
        </kineticLaw>
      </reaction>
      <reaction id="r0_1" reversible="false" fast="false">
        <annotation>
          <PropensityType> type=massaction k=2.268</PropensityType>
        </annotation>
        <listOfReactants>
          <speciesReference species="complex_enzyme_enzyme1_2x_metabolite_atp_molecule_glucose" stoichiometry="1" constant="false"/>
        </listOfReactants>
        <listOfProducts>
          <speciesReference species="enzyme_enzyme1" constant="false"/>
          <speciesReference species="metabolite_atp" constant="false"/>
          <speciesReference species="molecule_glucose" constant="false"/>
        </listOfProducts>
        <kineticLaw>
          <math xmlns="http://www.w3.org/1998/Math/MathML">
            <apply>
              <times/>
              <ci> k </ci>
              <ci> complex_enzyme_enzyme1_2x_metabolite_atp_molecule_glucose </ci>
            </apply>
          </math>
          <listOfLocalParameters>
            <localParameter id="k" value="2.268"/>
          </listOfLocalParameters>
        </kineticLaw>
      </reaction>
      <reaction id="r2" reversible="false" fast="false">
        <annotation>
          <PropensityType> type=massaction k=10</PropensityType>
        </annotation>
        <listOfReactants>
          <speciesReference species="complex_enzyme_enzyme1_2x_metabolite_atp_molecule_glucose" stoichiometry="1" constant="false"/>
        </listOfReactants>
        <listOfProducts>
          <speciesReference species="complex_enzyme_enzyme1_2x_metabolite_adp_molecule_f16p" constant="false"/>
        </listOfProducts>
        <kineticLaw>
          <math xmlns="http://www.w3.org/1998/Math/MathML">
            <apply>
              <times/>
              <ci> k </ci>
              <ci> complex_enzyme_enzyme1_2x_metabolite_atp_molecule_glucose </ci>
            </apply>
          </math>
          <listOfLocalParameters>
            <localParameter id="k" value="10"/>
          </listOfLocalParameters>
        </kineticLaw>
      </reaction>
      <reaction id="r3" reversible="false" fast="false">
        <annotation>
          <PropensityType> type=massaction k=24</PropensityType>
        </annotation>
        <listOfReactants>
          <speciesReference species="complex_enzyme_enzyme1_2x_metabolite_adp_molecule_f16p" stoichiometry="2" constant="false"/>
        </listOfReactants>
        <listOfProducts>
          <speciesReference species="enzyme_enzyme1" constant="false"/>
          <speciesReference species="molecule_f16p" constant="false"/>
          <speciesReference species="metabolite_adp" constant="false"/>
        </listOfProducts>
        <kineticLaw>
          <math xmlns="http://www.w3.org/1998/Math/MathML">
            <apply>
              <times/>
              <ci> k </ci>
              <ci> complex_enzyme_enzyme1_2x_metabolite_adp_molecule_f16p </ci>
            </apply>
          </math>
          <listOfLocalParameters>
            <localParameter id="k" value="24"/>
          </listOfLocalParameters>
        </kineticLaw>
      </reaction>
      <reaction id="r3_1" reversible="false" fast="false">
        <annotation>
          <PropensityType> type=massaction k=2.4</PropensityType>
        </annotation>
        <listOfReactants>
          <speciesReference species="enzyme_enzyme1" stoichiometry="1" constant="false"/>
          <speciesReference species="molecule_f16p" stoichiometry="1" constant="false"/>
          <speciesReference species="metabolite_adp" stoichiometry="1" constant="false"/>
        </listOfReactants>
        <listOfProducts>
          <speciesReference species="complex_enzyme_enzyme1_2x_metabolite_adp_molecule_f16p" constant="false"/>
        </listOfProducts>
        <kineticLaw>
          <math xmlns="http://www.w3.org/1998/Math/MathML">
            <apply>
              <times/>
              <ci> k </ci>
              <ci> enzyme_enzyme1 </ci>
              <ci> molecule_f16p </ci>
              <apply>
                <power/>
                <ci> metabolite_adp </ci>
                <cn type="integer"> 2 </cn>
              </apply>
            </apply>
          </math>
          <listOfLocalParameters>
            <localParameter id="k" value="2.4"/>
          </listOfLocalParameters>
        </kineticLaw>
      </reaction>
    </listOfReactions>
  </model>
</sbml>
