Software Version,3.04.17,,,,,,,,,,,,,,,,,,,,,,,,
,,,,,,,,,,,,,,,,,,,,,,,,,
,,,,,,,,,,,,,,,,,,,,,,,,,
,,,,,,,,,,,,,,,,,,,,,,,,,
Experiment File Path:,C:\Users\Biotek2\Box\biocircuits\Ankita\20201106_exp13_atp_spike.xpt,,,,,,,,,,,,,,,,,,,,,,,,
Protocol File Path:,C:\Users\Biotek2\Box\biocircuits\Ankita\gfp_24hr_protocol.prt,,,,,,,,,,,,,,,,,,,,,,,,
,,,,,,,,,,,,,,,,,,,,,,,,,
,,,,,,,,,,,,,,,,,,,,,,,,,
,,,,,,,,,,,,,,,,,,,,,,,,,
Plate Number,Plate 1,,,,,,,,,,,,,,,,,,,,,,,,
Date,11/6/20,,,,,,,,,,,,,,,,,,,,,,,,
Time,6:23:32 PM,,,,,,,,,,,,,,,,,,,,,,,,
Reader Type:,Synergy H1,,,,,,,,,,,,,,,,,,,,,,,,
Reader Serial Number:,271275,,,,,,,,,,,,,,,,,,,,,,,,
Reading Type,Reader,,,,,,,,,,,,,,,,,,,,,,,,
,,,,,,,,,,,,,,,,,,,,,,,,,
Procedure Details,,,,,,,,,,,,,,,,,,,,,,,,,
,,,,,,,,,,,,,,,,,,,,,,,,,
Plate Type,384 WELL PLATE,,,,,,,,,,,,,,,,,,,,,,,,
Well Selection,Runtime,,,,,,,,,,,,,,,,,,,,,,,,
Eject plate on completion,,,,,,,,,,,,,,,,,,,,,,,,,
Set Temperature,Setpoint 34∞C,,,,,,,,,,,,,,,,,,,,,,,,
,Preheat before moving to next step,,,,,,,,,,,,,,,,,,,,,,,,
Start Kinetic,"Runtime 24:00:00 (HH:MM:SS), Interval 0:03:00, 481 Reads",,,,,,,,,,,,,,,,,,,,,,,,
    Read,gfp,,,,,,,,,,,,,,,,,,,,,,,,
,Fluorescence Endpoint,,,,,,,,,,,,,,,,,,,,,,,,
,Full Plate,,,,,,,,,,,,,,,,,,,,,,,,
,Filter Set 1,,,,,,,,,,,,,,,,,,,,,,,,
,"    Excitation: 485,  Emission: 515",,,,,,,,,,,,,,,,,,,,,,,,
,"    Optics: Bottom,  Gain: 61",,,,,,,,,,,,,,,,,,,,,,,,
,Filter Set 2,,,,,,,,,,,,,,,,,,,,,,,,
,"    Excitation: 485,  Emission: 515",,,,,,,,,,,,,,,,,,,,,,,,
,"    Optics: Bottom,  Gain: 100",,,,,,,,,,,,,,,,,,,,,,,,
,"Light Source: Xenon Flash,  Lamp Energy: High",,,,,,,,,,,,,,,,,,,,,,,,
,"Read Speed: Normal,  Delay: 100 msec,  Measurements/Data Point: 10",,,,,,,,,,,,,,,,,,,,,,,,
,Read Height: 9.5 mm,,,,,,,,,,,,,,,,,,,,,,,,
End Kinetic,,,,,,,,,,,,,,,,,,,,,,,,,
,,,,,,,,,,,,,,,,,,,,,,,,,
Layout,,,,,,,,,,,,,,,,,,,,,,,,,
,1,2,3,4,5,6,7,8,9,10,11,12,13,14,15,16,17,18,19,20,21,22,23,24,
A,SPL1,SPL10,,,,,,,,,,,,,,,,,,,,,,,Well ID
B,SPL2,SPL11,,,,,,,,,,,,,,,,,,,,,,,Well ID
C,SPL3,SPL12,,,,,,,,,,,,,,,,,,,,,,,Well ID
D,SPL4,SPL13,,,,,,,,,,,,,,,,,,,,,,,Well ID
E,SPL5,SPL14,,,,,,,,,,,,,,,,,,,,,,,Well ID
F,SPL6,SPL15,,,,,,,,,,,,,,,,,,,,,,,Well ID
G,SPL7,SPL16,,,,,,,,,,,,,,,,,,,,,,,Well ID
H,SPL8,SPL17,,,,,,,,,,,,,,,,,,,,,,,Well ID
I,SPL9,SPL18,,,,,,,,,,,,,,,,,,,,,,,Well ID
J,,,,,,,,,,,,,,,,,,,,,,,,,Well ID
K,,,,,,,,,,,,,,,,,,,,,,,,,Well ID
L,,,,,,,,,,,,,,,,,,,,,,,,,Well ID
M,,,,,,,,,,,,,,,,,,,,,,,,,Well ID
N,,,,,,,,,,,,,,,,,,,,,,,,,Well ID
O,,,,,,,,,,,,,,,,,,,,,,,,,Well ID
P,,,,,,,,,,,,,,,,,,,,,,,,,Well ID
,,,,,,,,,,,,,,,,,,,,,,,,,
"gfp:485,515",,,,,,,,,,,,,,,,,,,,,,,,,
,,,,,,,,,,,,,,,,,,,,,,,,,
Time,"T∞ gfp:485,515",A1,A2,B1,B2,C1,C2,D1,D2,E1,E2,F1,F2,G1,G2,H1,H2,I1,I2,,,,,,
0:00:00,35.1,64,67,61,67,64,52,65,76,79,69,60,62,63,60,85,75,52,48,,,,,,
0:03:00,34.2,53,51,54,60,55,55,63,70,64,68,55,62,63,65,70,75,38,52,,,,,,
0:06:00,34,63,51,50,58,49,53,58,55,64,60,62,66,55,61,50,54,48,45,,,,,,
0:09:00,34,54,51,46,50,45,49,53,60,59,57,58,61,58,61,47,37,43,38,,,,,,
0:12:00,34.1,37,36,19,26,41,41,36,35,61,62,55,54,57,55,47,56,21,24,,,,,,
0:15:00,34,64,48,26,25,36,34,46,41,58,60,41,45,105,90,65,60,18,25,,,,,,
0:18:00,34,86,66,29,31,60,46,80,64,59,55,27,42,168,163,76,95,22,31,,,,,,
0:21:00,34,113,100,29,30,77,74,112,96,61,55,57,47,251,224,119,124,32,30,,,,,,
0:24:00,34,144,126,26,30,97,92,139,126,55,51,73,76,316,304,132,152,19,26,,,,,,
0:27:00,34,172,150,24,27,130,122,190,160,54,52,97,108,385,393,181,194,23,32,,,,,,
0:30:00,34,208,183,25,19,160,157,223,189,51,51,129,134,466,461,218,234,22,28,,,,,,
0:33:00,34,248,227,18,22,181,194,262,217,48,53,134,160,571,544,270,281,23,30,,,,,,
0:36:00,34,289,266,26,20,225,227,300,260,57,55,174,192,638,627,324,318,17,32,,,,,,
0:39:00,34,333,304,20,15,254,270,358,307,48,51,193,219,752,724,349,361,21,33,,,,,,
0:42:00,34,371,351,17,28,292,312,409,349,52,40,234,260,819,785,414,413,20,31,,,,,,
0:45:00,34,426,389,17,25,328,367,465,388,36,45,258,299,902,863,448,455,20,35,,,,,,
0:48:00,34,478,447,17,24,373,403,515,432,44,41,287,337,971,932,499,507,17,37,,,,,,
0:51:00,34,496,500,21,29,398,437,579,475,50,40,323,376,1060,1035,557,562,15,28,,,,,,
0:54:00,34,572,549,25,31,453,486,638,528,41,45,341,403,1149,1091,603,592,19,38,,,,,,
0:57:00,34,599,615,24,24,489,527,719,549,43,44,375,439,1219,1201,638,644,24,43,,,,,,
1:00:00,34,660,649,23,20,543,576,759,600,42,37,414,472,1348,1267,683,697,20,38,,,,,,
1:03:00,34,694,698,26,22,577,606,804,656,35,37,440,503,1386,1356,716,732,23,43,,,,,,
1:06:00,34,751,742,20,28,622,666,893,696,31,32,478,572,1497,1411,758,785,18,40,,,,,,
1:09:00,34,797,782,20,28,640,702,940,756,34,35,503,569,1550,1476,796,833,32,49,,,,,,
1:12:00,34,856,828,27,22,700,753,1018,800,39,35,547,629,1648,1585,868,875,22,51,,,,,,
1:15:00,34,867,880,27,24,731,792,1063,835,24,21,567,657,1742,1660,907,921,23,52,,,,,,
1:18:00,34,931,890,26,29,775,857,1139,886,25,27,588,684,1806,1722,948,987,25,56,,,,,,
1:21:00,34,978,947,18,26,820,869,1215,934,24,31,622,716,1898,1781,1001,1018,25,61,,,,,,
1:24:00,34,1009,993,24,26,843,920,1269,978,25,29,646,778,1979,1907,1026,1065,27,58,,,,,,
1:27:00,34,1033,1021,29,31,887,972,1311,1038,19,28,672,797,2020,1991,1069,1113,21,68,,,,,,
1:30:00,34,1104,1086,31,29,931,990,1407,1091,37,21,686,805,2186,2064,1134,1132,26,73,,,,,,
1:33:00,34,1163,1130,32,33,996,1038,1448,1112,26,23,736,861,2171,2159,1158,1172,27,75,,,,,,
1:36:00,34,1191,1188,29,34,1001,1085,1498,1159,21,28,756,881,2297,2172,1194,1230,24,75,,,,,,
1:39:00,34,1267,1220,33,31,1062,1117,1539,1230,21,20,784,925,2341,2307,1223,1311,26,77,,,,,,
1:42:00,34,1301,1282,24,33,1099,1176,1580,1281,21,22,823,949,2435,2373,1265,1304,25,82,,,,,,
1:45:00,34,1342,1323,25,30,1150,1213,1652,1328,24,22,822,971,2474,2470,1291,1368,34,85,,,,,,
1:48:00,34,1362,1374,34,44,1143,1248,1710,1356,26,19,863,1007,2568,2459,1340,1415,34,101,,,,,,
1:51:00,34,1441,1421,32,31,1206,1285,1783,1430,24,7,897,1027,2642,2600,1392,1461,31,97,,,,,,
1:54:00,34,1487,1454,33,29,1250,1339,1809,1466,21,19,916,1086,2773,2679,1417,1483,39,102,,,,,,
1:57:00,34,1522,1497,33,31,1265,1392,1890,1514,22,15,937,1091,2808,2760,1419,1499,37,107,,,,,,
2:00:00,34,1573,1583,34,29,1284,1445,1915,1578,22,34,961,1123,2856,2828,1465,1569,40,104,,,,,,
2:03:00,34,1588,1586,33,37,1344,1441,1974,1622,18,15,981,1180,2993,2932,1492,1613,45,113,,,,,,
2:06:00,34,1662,1637,30,29,1360,1532,1960,1670,35,23,1003,1187,3051,2970,1524,1611,37,114,,,,,,
2:09:00,34,1672,1694,31,43,1394,1582,2086,1693,24,22,1016,1217,3113,3053,1527,1661,46,119,,,,,,
2:12:00,34,1768,1718,29,28,1469,1594,2129,1730,21,20,1069,1235,3181,3120,1575,1686,51,115,,,,,,
2:15:00,34,1775,1745,35,32,1482,1625,2080,1779,18,23,1080,1270,3235,3177,1566,1734,48,124,,,,,,
2:18:00,34,1889,1819,35,43,1535,1724,2165,1866,23,27,1102,1335,3324,3267,1612,1766,50,129,,,,,,
2:21:00,34,1911,1881,35,34,1569,1717,2214,1907,23,20,1123,1324,3318,3368,1624,1766,53,131,,,,,,
2:24:00,34,1955,1893,33,40,1605,1764,2258,1904,23,21,1136,1377,3450,3408,1660,1801,64,135,,,,,,
2:27:00,34,1990,1946,33,39,1630,1782,2308,1923,22,21,1158,1425,3474,3480,1696,1827,63,138,,,,,,
2:30:00,34,2011,1992,40,33,1707,1852,2335,2000,22,19,1205,1423,3595,3600,1728,1905,57,143,,,,,,
2:33:00,34,2069,2076,30,47,1696,1885,2383,2022,30,30,1205,1493,3615,3658,1699,1887,69,153,,,,,,
2:36:00,34,2093,2059,34,47,1712,1945,2433,2082,22,19,1255,1505,3673,3682,1722,1948,70,159,,,,,,
2:39:00,34,2186,2134,40,41,1794,2029,2457,2154,20,24,1265,1502,3768,3743,1763,1981,71,156,,,,,,
2:42:00,34,2177,2160,38,36,1804,2046,2477,2163,21,22,1316,1552,3857,3801,1776,1937,72,161,,,,,,
2:45:00,34,2218,2181,45,39,1826,2076,2562,2226,30,17,1333,1592,3863,3855,1816,2014,79,166,,,,,,
2:48:00,34,2253,2206,45,35,1879,2162,2642,2252,21,14,1360,1610,3990,3981,1838,2043,72,165,,,,,,
2:51:00,34,2306,2234,41,39,1891,2177,2613,2297,17,21,1376,1655,4044,4083,1827,2034,84,171,,,,,,
2:54:00,34.1,2316,2290,39,36,1934,2237,2661,2347,24,12,1404,1649,4066,4069,1819,2079,87,168,,,,,,
2:57:00,34,2362,2275,37,35,1978,2214,2710,2361,21,18,1411,1709,4114,4154,1896,2065,84,188,,,,,,
3:00:00,34,2426,2424,43,42,2026,2298,2696,2365,17,22,1458,1721,4184,4192,1889,2085,95,180,,,,,,
3:03:00,34,2454,2419,39,48,2048,2338,2711,2388,18,17,1484,1739,4327,4262,1867,2100,99,190,,,,,,
3:06:00,34,2496,2486,47,43,2059,2360,2810,2432,20,19,1493,1788,4373,4296,1920,2161,92,189,,,,,,
3:09:00,34,2526,2502,39,42,2121,2381,2845,2531,29,22,1526,1793,4369,4431,1912,2147,103,195,,,,,,
3:12:00,34,2589,2484,42,45,2140,2441,2895,2511,25,16,1536,1868,4449,4396,1916,2160,112,203,,,,,,
3:15:00,34,2571,2601,40,40,2176,2486,2878,2612,27,20,1561,1891,4498,4472,1977,2221,107,202,,,,,,
3:18:00,34,2722,2625,39,40,2197,2517,2873,2606,18,19,1592,1921,4576,4536,1962,2237,123,210,,,,,,
3:21:00,34,2683,2552,47,42,2203,2561,2931,2603,9,16,1606,1932,4486,4607,1960,2230,119,209,,,,,,
3:24:00,34,2695,2668,41,48,2283,2589,2952,2657,23,15,1630,1931,4653,4622,1975,2270,123,221,,,,,,
3:27:00,34,2815,2714,45,58,2300,2601,3006,2668,23,23,1681,2006,4637,4639,1984,2272,119,229,,,,,,
3:30:00,34,2834,2682,49,53,2301,2649,3043,2714,22,24,1693,2013,4723,4640,2030,2258,127,230,,,,,,
3:33:00,34,2827,2766,43,51,2342,2647,3068,2715,19,21,1720,2038,4730,4766,2021,2284,139,232,,,,,,
3:36:00,34,2862,2726,34,48,2352,2717,3083,2767,19,18,1758,2031,4827,4792,2033,2282,138,233,,,,,,
3:39:00,34,2930,2804,45,46,2406,2807,3129,2775,22,19,1757,2095,4784,4838,2030,2348,138,239,,,,,,
3:42:00,34,2966,2842,37,50,2435,2772,3117,2779,20,23,1795,2139,4853,4849,2063,2310,148,241,,,,,,
3:45:00,34,2999,2886,50,59,2435,2854,3134,2843,25,21,1795,2165,4936,4928,2088,2368,148,245,,,,,,
3:48:00,34,2990,2843,54,51,2434,2865,3182,2874,18,19,1810,2182,5010,4917,2081,2359,156,245,,,,,,
3:51:00,34,3042,2909,46,50,2499,2834,3197,2852,21,25,1832,2192,4977,4953,2107,2359,157,252,,,,,,
3:54:00,34,3043,2904,47,55,2559,2863,3176,2931,25,21,1865,2203,5030,5001,2117,2387,156,265,,,,,,
3:57:00,34,3084,2909,48,57,2539,2896,3180,2819,17,15,1857,2273,5118,5008,2074,2429,162,253,,,,,,
4:00:00,34,3096,2960,47,48,2566,2916,3265,2969,18,21,1895,2308,5052,5035,2124,2437,172,274,,,,,,
4:03:00,34,3148,3016,49,51,2568,2954,3315,2932,17,18,1926,2326,5044,5054,2144,2429,183,269,,,,,,
4:06:00,34,3110,3018,55,58,2570,3010,3312,2964,21,19,1978,2336,5122,5153,2124,2424,184,267,,,,,,
4:09:00,34,3176,3009,43,52,2637,3020,3325,2973,22,17,1956,2319,5196,5220,2136,2463,181,281,,,,,,
4:12:00,34,3248,3084,55,53,2666,3042,3348,2923,15,26,1966,2404,5140,5237,2100,2461,190,281,,,,,,
4:15:00,34,3243,3018,52,51,2663,3088,3346,2961,17,32,2034,2409,5222,5153,2178,2469,187,287,,,,,,
4:18:00,34,3245,3101,53,49,2663,3120,3364,3050,18,22,2048,2417,5346,5285,2184,2481,192,289,,,,,,
4:21:00,34,3326,3112,57,54,2717,3091,3393,3076,27,19,1995,2479,5344,5352,2156,2519,205,290,,,,,,
4:24:00,34,3343,3114,53,65,2717,3155,3421,3082,22,21,2078,2477,5310,5282,2178,2539,201,303,,,,,,
4:27:00,34,3365,3187,52,56,2748,3140,3440,3084,21,21,2096,2471,5403,5364,2184,2528,206,305,,,,,,
4:30:00,34,3403,3164,47,57,2724,3117,3437,3034,20,20,2106,2540,5466,5414,2184,2502,213,305,,,,,,
4:33:00,34,3434,3238,56,56,2775,3164,3459,3088,24,21,2124,2524,5295,5297,2214,2504,217,308,,,,,,
4:36:00,34,3378,3192,51,50,2764,3212,3483,3060,38,17,2136,2582,5508,5372,2230,2517,221,314,,,,,,
4:39:00,34,3432,3255,54,53,2803,3235,3428,3091,22,26,2157,2568,5434,5410,2250,2512,223,311,,,,,,
4:42:00,34,3360,3216,46,60,2777,3224,3549,3126,22,17,2208,2556,5422,5441,2257,2490,230,311,,,,,,
4:45:00,34,3563,3266,64,59,2777,3214,3449,3176,15,19,2179,2633,5538,5403,2237,2568,232,324,,,,,,
4:48:00,34,3579,3320,53,52,2855,3243,3497,3176,20,19,2233,2632,5569,5502,2238,2550,229,321,,,,,,
4:51:00,34,3562,3277,48,60,2882,3275,3524,3181,23,18,2224,2623,5613,5453,2201,2537,247,331,,,,,,
4:54:00,34,3581,3335,52,54,2857,3298,3558,3145,22,16,2249,2695,5585,5598,2225,2554,245,325,,,,,,
4:57:00,34,3604,3376,54,73,2863,3298,3592,3139,18,14,2235,2722,5648,5597,2258,2560,245,346,,,,,,
5:00:00,34,3577,3379,57,56,2854,3268,3531,3193,23,24,2315,2714,5663,5506,2234,2623,237,329,,,,,,
5:03:00,34,3595,3366,58,63,2912,3347,3616,3250,28,17,2306,2739,5730,5515,2295,2620,263,353,,,,,,
5:06:00,34,3633,3406,51,67,2879,3256,3607,3227,24,21,2331,2744,5674,5626,2291,2599,263,342,,,,,,
5:09:00,34,3620,3340,57,59,2947,3366,3624,3263,24,25,2343,2825,5672,5705,2330,2565,248,344,,,,,,
5:12:00,34,3697,3481,61,51,2931,3350,3613,3260,22,21,2368,2799,5679,5610,2296,2639,254,342,,,,,,
5:15:00,34,3690,3454,54,65,2862,3379,3602,3193,21,21,2364,2787,5746,5616,2321,2644,267,357,,,,,,
5:18:00,34,3737,3452,54,55,2952,3325,3656,3293,24,24,2384,2823,5752,5606,2337,2677,263,350,,,,,,
5:21:00,34,3687,3458,59,61,2929,3372,3635,3314,23,24,2426,2860,5854,5760,2339,2668,285,346,,,,,,
5:24:00,34,3743,3506,55,59,2961,3375,3690,3305,24,24,2415,2921,5844,5714,2320,2675,269,353,,,,,,
5:27:00,34,3797,3547,58,54,3000,3333,3639,3286,22,18,2399,2862,5802,5754,2316,2664,283,358,,,,,,
5:30:00,34,3741,3553,61,63,2983,3386,3752,3266,28,32,2491,2917,5852,5732,2408,2706,288,352,,,,,,
5:33:00,34,3768,3575,62,63,3037,3378,3751,3278,25,23,2413,2902,5848,5771,2375,2721,297,354,,,,,,
5:36:00,34,3767,3637,59,54,2970,3392,3628,3343,26,22,2484,2963,5812,5890,2368,2688,287,354,,,,,,
5:39:00,34,3777,3590,55,65,2993,3413,3688,3324,31,19,2530,2927,5825,5827,2386,2676,296,363,,,,,,
5:42:00,34,3863,3648,66,66,3010,3472,3785,3353,25,18,2476,2966,5854,5824,2351,2716,300,365,,,,,,
5:45:00,34,3873,3610,59,64,3013,3429,3699,3340,22,19,2471,3034,5853,5902,2364,2705,291,365,,,,,,
5:48:00,34,3822,3576,67,63,3056,3385,3719,3326,26,18,2555,2943,5895,5865,2416,2683,294,366,,,,,,
5:51:00,34,3842,3641,67,65,3095,3395,3756,3389,20,20,2524,3053,6001,5788,2384,2734,308,381,,,,,,
5:54:00,34,3888,3662,72,67,3065,3521,3782,3374,22,16,2558,3036,5986,5981,2404,2694,299,373,,,,,,
5:57:00,34,3942,3636,59,66,3080,3503,3883,3391,23,24,2615,3068,6048,5923,2378,2746,316,376,,,,,,
6:00:00,34,3933,3727,69,62,3057,3430,3774,3371,19,19,2612,3098,5910,5889,2423,2769,307,389,,,,,,
6:03:00,34,3949,3746,65,58,3043,3502,3894,3385,20,28,2624,3119,6003,5939,2427,2749,318,365,,,,,,
6:06:00,34,4037,3771,58,63,3096,3434,3827,3419,27,21,2590,3125,6018,5899,2415,2765,323,395,,,,,,
6:09:00,34,3932,3759,63,69,3141,3459,3813,3447,21,30,2587,3116,6096,6016,2480,2696,325,393,,,,,,
6:12:00,34,4010,3748,64,63,3107,3526,3859,3324,24,17,2702,3097,6083,6008,2470,2787,328,401,,,,,,
6:15:00,34,3957,3726,63,65,3121,3507,3858,3460,24,24,2648,3196,6111,6067,2441,2789,346,396,,,,,,
6:18:00,34,4068,3788,64,82,3144,3509,3923,3369,24,23,2616,3195,6087,6056,2473,2761,330,386,,,,,,
6:21:00,34,3946,3781,65,74,3150,3512,3867,3459,22,25,2684,3153,6072,6030,2474,2771,338,399,,,,,,
6:24:00,34,3996,3821,62,62,3120,3444,3916,3455,14,23,2652,3170,6218,6095,2482,2793,331,393,,,,,,
6:27:00,34,4099,3836,61,71,3135,3557,3832,3442,20,19,2720,3212,6064,6024,2465,2822,348,395,,,,,,
6:30:00,34,4049,3906,60,72,3175,3516,3890,3431,21,19,2710,3213,6146,6103,2428,2807,338,404,,,,,,
6:33:00,34,3967,3831,65,70,3058,3576,3973,3446,17,26,2694,3179,6146,6110,2481,2788,358,393,,,,,,
6:36:00,34,4067,3856,73,68,3084,3536,3904,3451,25,25,2708,3234,6168,6096,2458,2818,341,407,,,,,,
6:39:00,34,4022,3852,59,70,3182,3570,3967,3442,27,15,2733,3226,6190,6193,2473,2809,343,412,,,,,,
6:42:00,34,4026,3800,68,71,3165,3530,3975,3489,27,23,2793,3214,6211,6210,2525,2870,349,403,,,,,,
6:45:00,34,4116,3861,64,73,3165,3502,3912,3513,20,21,2760,3234,6225,6277,2450,2829,352,413,,,,,,
6:48:00,34,4062,3898,70,73,3177,3542,3967,3495,23,23,2729,3286,6140,6066,2465,2889,350,409,,,,,,
6:51:00,34,4121,3871,62,70,3182,3542,3913,3529,18,26,2809,3239,6217,6229,2477,2847,354,414,,,,,,
6:54:00,34,4211,3850,69,77,3162,3534,3955,3481,28,15,2804,3280,6222,6213,2513,2884,373,409,,,,,,
6:57:00,34,4107,3835,65,70,3170,3584,3962,3476,28,19,2747,3270,6197,6244,2492,2842,356,412,,,,,,
7:00:00,34,4080,3862,66,69,3187,3585,3962,3492,26,23,2795,3318,6323,6215,2462,2875,370,395,,,,,,
7:03:00,34,4120,3851,65,78,3198,3613,3939,3551,13,20,2851,3287,6293,6226,2508,2830,369,411,,,,,,
7:06:00,34,4148,3945,71,73,3154,3555,4017,3511,30,23,2834,3332,6236,6263,2526,2897,366,408,,,,,,
7:09:00,34,4207,3828,69,76,3200,3551,3994,3504,22,22,2821,3289,6251,6247,2487,2890,373,420,,,,,,
7:12:00,34,4156,3921,67,81,3175,3611,4017,3512,31,19,2875,3351,6237,6244,2519,2857,372,426,,,,,,
7:15:00,34,4162,3922,66,69,3203,3575,4028,3571,25,13,2845,3369,6325,6239,2509,2873,375,418,,,,,,
7:18:00,34,4100,3938,71,95,3190,3586,4052,3551,27,28,2814,3343,6367,6193,2465,2861,379,414,,,,,,
7:21:00,34,4157,3892,72,78,3174,3623,4044,3499,23,26,2842,3366,6302,6248,2577,2887,369,416,,,,,,
7:24:00,34,4111,3907,72,66,3189,3592,4029,3519,18,25,2857,3342,6445,6355,2513,2910,382,429,,,,,,
7:27:00,34,4262,3880,70,65,3244,3579,4086,3535,24,20,2918,3393,6395,6340,2534,2949,383,424,,,,,,
7:30:00,34,4252,3969,61,78,3243,3572,4118,3574,30,15,2879,3377,6492,6298,2536,2917,395,419,,,,,,
7:33:00,34,4284,3957,70,77,3243,3635,4091,3594,25,28,2834,3411,6502,6369,2554,2902,387,419,,,,,,
7:36:00,34,4211,3956,71,78,3254,3641,4098,3623,27,16,2902,3396,6326,6292,2541,2965,397,427,,,,,,
7:39:00,34,4161,3919,68,82,3272,3575,4106,3536,26,20,2910,3376,6382,6319,2490,2933,401,417,,,,,,
7:42:00,34,4246,4002,80,72,3269,3605,4144,3593,21,12,2932,3454,6448,6345,2523,2925,396,419,,,,,,
7:45:00,34,4214,3974,69,73,3259,3650,4216,3575,30,23,2930,3470,6525,6493,2537,2906,398,429,,,,,,
7:48:00,34,4223,4027,78,78,3231,3651,4105,3586,19,26,2957,3475,6470,6409,2548,2959,403,442,,,,,,
7:51:00,34,4214,3968,74,77,3231,3652,4153,3625,25,22,2926,3443,6540,6372,2551,2922,406,438,,,,,,
7:54:00,34,4209,3976,74,79,3258,3655,4116,3570,21,27,2938,3441,6501,6307,2592,2954,395,427,,,,,,
7:57:00,34,4295,4022,73,76,3240,3573,4128,3653,22,27,2882,3485,6545,6501,2538,2922,406,435,,,,,,
8:00:00,34,4242,4055,72,78,3279,3669,4049,3649,22,21,2992,3464,6581,6427,2558,2980,416,430,,,,,,
8:03:00,34,4222,3957,69,80,3235,3671,4178,3611,24,23,2929,3529,6494,6400,2568,2955,402,428,,,,,,
8:06:00,34,4263,3962,68,78,3235,3631,4192,3601,20,23,2931,3479,6422,6407,2560,2911,409,421,,,,,,
8:09:00,34,4253,3970,69,76,3269,3673,4228,3669,19,25,2974,3503,6602,6390,2535,2984,395,445,,,,,,
8:12:00,34,4231,3975,68,83,3287,3657,4207,3635,32,20,2958,3506,6453,6489,2572,3013,413,444,,,,,,
8:15:00,34,4278,4082,74,86,3196,3604,4151,3610,8,21,2992,3508,6516,6551,2577,2898,422,444,,,,,,
8:18:00,34,4259,4024,76,74,3257,3603,4224,3599,22,24,2982,3443,6506,6561,2582,2946,407,428,,,,,,
8:21:00,34,4230,4017,77,80,3245,3694,4243,3666,25,19,3004,3514,6616,6410,2593,2969,422,435,,,,,,
8:24:00,34,4209,4128,77,80,3281,3583,4229,3691,20,20,3007,3558,6597,6497,2586,2989,428,450,,,,,,
8:27:00,34,4255,3998,71,76,3281,3634,4212,3580,22,16,3031,3503,6539,6456,2545,2958,421,435,,,,,,
8:30:00,34,4274,3988,74,84,3275,3729,4193,3578,26,20,3016,3530,6554,6580,2617,2981,421,450,,,,,,
8:33:00,34,4262,4038,89,79,3273,3692,4188,3611,24,17,3051,3540,6553,6580,2533,2984,422,430,,,,,,
8:36:00,34,4254,4059,73,80,3268,3715,4213,3651,18,24,3005,3523,6570,6349,2571,2998,431,444,,,,,,
8:39:00,34,4213,4087,69,80,3303,3682,4270,3638,22,18,3020,3464,6733,6592,2550,2991,429,434,,,,,,
8:42:00,34,4167,4101,78,79,3301,3697,4217,3644,25,18,3061,3513,6659,6562,2591,2972,434,440,,,,,,
8:45:00,34,4226,4003,76,75,3312,3691,4225,3708,24,22,3058,3578,6553,6589,2550,2951,427,442,,,,,,
8:48:00,34,4264,4072,70,88,3313,3741,4189,3643,24,20,3015,3572,6630,6516,2537,3007,423,444,,,,,,
8:51:00,34,4262,3991,74,77,3256,3754,4279,3665,22,24,3009,3552,6672,6662,2594,3035,434,443,,,,,,
8:54:00,34,4305,4069,75,84,3254,3692,4246,3640,34,25,2988,3641,6557,6732,2536,2930,429,450,,,,,,
8:57:00,34,4287,4009,79,85,3280,3680,4208,3693,32,18,3012,3612,6655,6550,2553,2964,436,437,,,,,,
9:00:00,34,4204,4043,75,85,3323,3721,4287,3680,34,30,3026,3569,6599,6585,2547,2959,433,451,,,,,,
9:03:00,34,4292,4033,75,84,3285,3626,4167,3676,21,16,3075,3603,6829,6618,2576,3001,427,455,,,,,,
9:06:00,34,4261,4099,83,83,3287,3717,4106,3648,25,22,3026,3543,6733,6626,2581,2963,437,445,,,,,,
9:09:00,34,4325,4072,67,79,3270,3707,4206,3734,27,25,3007,3593,6734,6595,2571,2985,436,440,,,,,,
9:12:00,34,4234,3956,81,82,3296,3679,4231,3693,27,20,3092,3605,6736,6609,2543,2953,443,455,,,,,,
9:15:00,34,4353,4111,79,80,3284,3640,4266,3698,17,24,3104,3586,6672,6645,2606,3000,444,447,,,,,,
9:18:00,34,4261,3970,79,82,3248,3691,4293,3689,23,24,3021,3541,6658,6656,2584,2910,440,438,,,,,,
9:21:00,34,4266,3984,81,83,3297,3692,4196,3725,23,19,3103,3608,6717,6694,2562,2965,437,454,,,,,,
9:24:00,34,4237,4092,79,84,3330,3742,4230,3690,26,21,3067,3582,6647,6631,2620,2968,441,444,,,,,,
9:27:00,34,4360,4040,79,86,3345,3708,4244,3689,24,22,3143,3562,6748,6853,2614,2982,435,448,,,,,,
9:30:00,34,4327,4026,79,81,3251,3695,4340,3727,25,28,3075,3587,6770,6745,2615,3011,432,445,,,,,,
9:33:00,34,4252,4052,82,79,3326,3715,4200,3711,30,17,3101,3581,6668,6711,2589,2957,448,447,,,,,,
9:36:00,34,4290,4115,90,80,3356,3789,4197,3720,20,23,3086,3635,6797,6638,2583,3040,445,463,,,,,,
9:39:00,34,4262,4049,77,76,3356,3650,4267,3658,32,22,3032,3615,6768,6618,2604,3002,449,452,,,,,,
9:42:00,34,4294,4055,82,97,3307,3676,4243,3734,28,28,3102,3725,6813,6561,2592,3035,445,455,,,,,,
9:45:00,34,4341,4219,85,87,3255,3783,4290,3711,23,11,3121,3627,6804,6700,2646,2986,450,444,,,,,,
9:48:00,34,4265,4084,81,83,3359,3759,4349,3631,18,19,3103,3628,6807,6743,2593,2976,446,463,,,,,,
9:51:00,34,4362,4099,82,89,3335,3730,4275,3756,29,21,3145,3628,6733,6730,2606,2952,460,466,,,,,,
9:54:00,34,4354,4151,78,91,3345,3789,4255,3732,28,17,3101,3557,6765,6821,2595,2957,454,451,,,,,,
9:57:00,34,4431,4031,84,85,3333,3741,4325,3650,31,18,3157,3637,6759,6761,2536,2943,451,447,,,,,,
10:00:00,34,4406,3989,80,90,3302,3770,4382,3726,27,19,3130,3644,6804,6762,2575,3034,452,451,,,,,,
10:03:00,34,4392,4060,82,83,3280,3758,4277,3684,20,24,3170,3668,6824,6727,2582,3013,465,466,,,,,,
10:06:00,34,4331,4115,75,82,3324,3794,4191,3743,22,24,3147,3678,6897,6680,2654,3046,456,452,,,,,,
10:09:00,34,4346,4137,80,89,3313,3701,4346,3740,27,23,3110,3632,6890,6680,2586,2948,456,456,,,,,,
10:12:00,34,4295,4064,78,84,3330,3759,4346,3765,26,19,3091,3651,6939,6686,2547,3058,463,461,,,,,,
10:15:00,34,4375,4092,83,87,3386,3828,4351,3710,32,23,3153,3731,6833,6853,2636,2961,461,452,,,,,,
10:18:00,34.1,4254,4153,91,87,3280,3790,4287,3726,30,20,3082,3710,6807,6852,2587,3054,467,460,,,,,,
10:21:00,34,4343,4101,84,85,3416,3805,4364,3763,27,18,3149,3668,6803,6772,2589,3055,465,461,,,,,,
10:24:00,34.1,4390,4043,84,86,3346,3763,4359,3758,30,21,3106,3676,6843,6843,2602,3008,456,467,,,,,,
10:27:00,34,4296,4138,89,90,3370,3755,4325,3818,29,22,3072,3707,6889,6839,2593,3014,461,460,,,,,,
10:30:00,34,4342,4065,80,75,3293,3703,4303,3773,25,26,3152,3670,6784,6860,2586,2970,447,457,,,,,,
10:33:00,34,4324,4121,81,89,3379,3737,4328,3762,25,23,3145,3698,6894,6917,2625,3007,467,457,,,,,,
10:36:00,34,4400,4144,83,88,3306,3785,4326,3695,24,11,3089,3703,6922,6801,2619,3027,474,457,,,,,,
10:39:00,34,4229,4104,84,88,3272,3770,4336,3711,27,24,3133,3669,6935,6928,2571,3042,463,460,,,,,,
10:42:00,34,4327,4161,82,91,3300,3743,4352,3823,25,23,3141,3769,6922,6783,2641,3008,470,466,,,,,,
10:45:00,34,4377,4088,87,85,3302,3757,4305,3789,22,27,3184,3659,6897,6767,2557,2984,467,450,,,,,,
10:48:00,34,4312,4085,84,92,3366,3782,4296,3745,33,25,3134,3717,6947,6895,2594,3004,463,454,,,,,,
10:51:00,34,4430,4136,95,85,3379,3754,4402,3772,27,23,3157,3719,6978,6930,2625,3085,469,475,,,,,,
10:54:00,34,4361,4152,87,85,3273,3851,4228,3772,29,21,3134,3621,6896,6781,2583,3010,461,450,,,,,,
10:57:00,34,4376,4147,84,88,3286,3760,4397,3828,25,20,3145,3769,6933,6883,2605,2994,466,466,,,,,,
11:00:00,34,4393,4201,90,87,3325,3807,4382,3754,20,23,3155,3671,6933,6868,2642,2994,472,466,,,,,,
11:03:00,34,4359,4171,86,87,3373,3687,4410,3769,30,32,3122,3701,6843,6761,2620,3024,461,459,,,,,,
11:06:00,34,4325,4081,82,89,3371,3778,4355,3772,28,24,3202,3755,6901,6956,2603,2990,473,459,,,,,,
11:09:00,34,4334,4110,85,87,3370,3803,4324,3770,25,26,3120,3656,6926,6830,2599,3024,466,469,,,,,,
11:12:00,34,4308,4089,90,91,3331,3841,4408,3800,28,20,3173,3772,6911,6807,2610,2978,459,455,,,,,,
11:15:00,34,4381,4144,90,86,3383,3822,4352,3778,30,20,3127,3713,6979,6897,2557,3019,469,459,,,,,,
11:18:00,34,4366,4109,90,99,3338,3761,4339,3843,29,24,3210,3745,6978,6823,2608,2978,468,460,,,,,,
11:21:00,34,4357,4093,82,86,3389,3823,4396,3743,18,24,3179,3737,7036,6905,2599,2993,476,461,,,,,,
11:24:00,34,4240,4145,93,90,3326,3803,4444,3767,26,16,3234,3767,6909,6816,2607,3010,476,470,,,,,,
11:27:00,34,4400,4113,84,89,3349,3876,4407,3743,24,23,3144,3713,6910,6889,2642,3033,470,463,,,,,,
11:30:00,34,4392,4102,90,95,3377,3763,4310,3739,33,20,3180,3733,6824,6890,2647,3071,468,458,,,,,,
11:33:00,34,4392,4175,78,98,3331,3789,4409,3771,31,23,3228,3705,6841,6919,2652,2966,467,480,,,,,,
11:36:00,34,4383,4079,86,91,3333,3802,4405,3769,20,19,3101,3779,6945,6889,2599,3017,470,469,,,,,,
11:39:00,34,4384,4053,81,87,3358,3778,4408,3776,27,20,3151,3736,6954,7008,2630,3036,471,468,,,,,,
11:42:00,34,4342,4121,87,94,3335,3837,4420,3799,26,20,3132,3667,7050,6957,2604,3047,476,465,,,,,,
11:45:00,34,4360,4093,84,86,3328,3762,4386,3848,24,18,3196,3652,6980,6929,2639,3014,476,460,,,,,,
11:48:00,34,4332,4140,94,90,3398,3812,4381,3739,17,27,3218,3736,7070,6930,2606,2995,476,463,,,,,,
11:51:00,34,4423,4122,84,89,3382,3886,4371,3824,26,24,3178,3697,6956,6922,2595,3033,481,465,,,,,,
11:54:00,34,4384,4117,91,91,3374,3834,4417,3781,26,25,3164,3779,6999,7032,2649,3001,483,456,,,,,,
11:57:00,34,4364,4128,88,89,3340,3822,4414,3818,32,23,3142,3704,7017,7034,2563,3040,494,471,,,,,,
12:00:00,34,4360,4088,84,98,3344,3850,4402,3771,27,26,3171,3759,7078,6929,2620,2999,477,441,,,,,,
12:03:00,34,4283,4153,93,86,3324,3810,4382,3811,33,26,3176,3775,6980,6927,2632,3047,470,467,,,,,,
12:06:00,34,4366,4196,90,86,3355,3779,4455,3776,25,21,3255,3750,6876,6966,2590,3076,479,453,,,,,,
12:09:00,34,4419,4156,86,86,3283,3840,4414,3779,26,22,3238,3802,6846,6906,2603,2985,481,474,,,,,,
12:12:00,34,4389,4199,93,89,3437,3845,4378,3777,28,25,3261,3746,6983,6925,2592,2987,481,467,,,,,,
12:15:00,34,4401,4037,96,91,3391,3809,4350,3813,25,21,3267,3735,6937,6926,2588,3008,466,463,,,,,,
12:18:00,34,4315,4236,91,103,3407,3842,4438,3796,26,23,3224,3680,7063,7048,2582,3008,480,471,,,,,,
12:21:00,34,4310,4092,90,94,3388,3882,4365,3763,23,13,3193,3711,6965,6869,2584,3040,480,460,,,,,,
12:24:00,34,4440,4171,89,91,3373,3755,4371,3799,27,24,3160,3774,6929,6882,2633,3027,481,460,,,,,,
12:27:00,34,4374,4114,95,90,3392,3853,4409,3819,39,24,3227,3791,7059,6934,2659,2973,484,459,,,,,,
12:30:00,34,4403,4063,87,94,3365,3818,4417,3693,28,20,3195,3766,7040,7091,2640,3055,487,470,,,,,,
0:00:00,,,,,,,,,,,,,,,,,,,,,,,,,
0:00:00,,,,,,,,,,,,,,,,,,,,,,,,,
0:00:00,,,,,,,,,,,,,,,,,,,,,,,,,
0:00:00,,,,,,,,,,,,,,,,,,,,,,,,,
0:00:00,,,,,,,,,,,,,,,,,,,,,,,,,
0:00:00,,,,,,,,,,,,,,,,,,,,,,,,,
0:00:00,,,,,,,,,,,,,,,,,,,,,,,,,
0:00:00,,,,,,,,,,,,,,,,,,,,,,,,,
0:00:00,,,,,,,,,,,,,,,,,,,,,,,,,
0:00:00,,,,,,,,,,,,,,,,,,,,,,,,,
0:00:00,,,,,,,,,,,,,,,,,,,,,,,,,
0:00:00,,,,,,,,,,,,,,,,,,,,,,,,,
0:00:00,,,,,,,,,,,,,,,,,,,,,,,,,
0:00:00,,,,,,,,,,,,,,,,,,,,,,,,,
0:00:00,,,,,,,,,,,,,,,,,,,,,,,,,
0:00:00,,,,,,,,,,,,,,,,,,,,,,,,,
0:00:00,,,,,,,,,,,,,,,,,,,,,,,,,
0:00:00,,,,,,,,,,,,,,,,,,,,,,,,,
0:00:00,,,,,,,,,,,,,,,,,,,,,,,,,
0:00:00,,,,,,,,,,,,,,,,,,,,,,,,,
0:00:00,,,,,,,,,,,,,,,,,,,,,,,,,
0:00:00,,,,,,,,,,,,,,,,,,,,,,,,,
0:00:00,,,,,,,,,,,,,,,,,,,,,,,,,
0:00:00,,,,,,,,,,,,,,,,,,,,,,,,,
0:00:00,,,,,,,,,,,,,,,,,,,,,,,,,
0:00:00,,,,,,,,,,,,,,,,,,,,,,,,,
0:00:00,,,,,,,,,,,,,,,,,,,,,,,,,
0:00:00,,,,,,,,,,,,,,,,,,,,,,,,,
0:00:00,,,,,,,,,,,,,,,,,,,,,,,,,
0:00:00,,,,,,,,,,,,,,,,,,,,,,,,,
0:00:00,,,,,,,,,,,,,,,,,,,,,,,,,
0:00:00,,,,,,,,,,,,,,,,,,,,,,,,,
0:00:00,,,,,,,,,,,,,,,,,,,,,,,,,
0:00:00,,,,,,,,,,,,,,,,,,,,,,,,,
0:00:00,,,,,,,,,,,,,,,,,,,,,,,,,
0:00:00,,,,,,,,,,,,,,,,,,,,,,,,,
0:00:00,,,,,,,,,,,,,,,,,,,,,,,,,
0:00:00,,,,,,,,,,,,,,,,,,,,,,,,,
0:00:00,,,,,,,,,,,,,,,,,,,,,,,,,
0:00:00,,,,,,,,,,,,,,,,,,,,,,,,,
0:00:00,,,,,,,,,,,,,,,,,,,,,,,,,
0:00:00,,,,,,,,,,,,,,,,,,,,,,,,,
0:00:00,,,,,,,,,,,,,,,,,,,,,,,,,
0:00:00,,,,,,,,,,,,,,,,,,,,,,,,,
0:00:00,,,,,,,,,,,,,,,,,,,,,,,,,
0:00:00,,,,,,,,,,,,,,,,,,,,,,,,,
0:00:00,,,,,,,,,,,,,,,,,,,,,,,,,
0:00:00,,,,,,,,,,,,,,,,,,,,,,,,,
0:00:00,,,,,,,,,,,,,,,,,,,,,,,,,
0:00:00,,,,,,,,,,,,,,,,,,,,,,,,,
0:00:00,,,,,,,,,,,,,,,,,,,,,,,,,
0:00:00,,,,,,,,,,,,,,,,,,,,,,,,,
0:00:00,,,,,,,,,,,,,,,,,,,,,,,,,
0:00:00,,,,,,,,,,,,,,,,,,,,,,,,,
0:00:00,,,,,,,,,,,,,,,,,,,,,,,,,
0:00:00,,,,,,,,,,,,,,,,,,,,,,,,,
0:00:00,,,,,,,,,,,,,,,,,,,,,,,,,
0:00:00,,,,,,,,,,,,,,,,,,,,,,,,,
0:00:00,,,,,,,,,,,,,,,,,,,,,,,,,
0:00:00,,,,,,,,,,,,,,,,,,,,,,,,,
0:00:00,,,,,,,,,,,,,,,,,,,,,,,,,
0:00:00,,,,,,,,,,,,,,,,,,,,,,,,,
0:00:00,,,,,,,,,,,,,,,,,,,,,,,,,
0:00:00,,,,,,,,,,,,,,,,,,,,,,,,,
0:00:00,,,,,,,,,,,,,,,,,,,,,,,,,
0:00:00,,,,,,,,,,,,,,,,,,,,,,,,,
0:00:00,,,,,,,,,,,,,,,,,,,,,,,,,
0:00:00,,,,,,,,,,,,,,,,,,,,,,,,,
0:00:00,,,,,,,,,,,,,,,,,,,,,,,,,
0:00:00,,,,,,,,,,,,,,,,,,,,,,,,,
0:00:00,,,,,,,,,,,,,,,,,,,,,,,,,
0:00:00,,,,,,,,,,,,,,,,,,,,,,,,,
0:00:00,,,,,,,,,,,,,,,,,,,,,,,,,
0:00:00,,,,,,,,,,,,,,,,,,,,,,,,,
0:00:00,,,,,,,,,,,,,,,,,,,,,,,,,
0:00:00,,,,,,,,,,,,,,,,,,,,,,,,,
0:00:00,,,,,,,,,,,,,,,,,,,,,,,,,
0:00:00,,,,,,,,,,,,,,,,,,,,,,,,,
0:00:00,,,,,,,,,,,,,,,,,,,,,,,,,
0:00:00,,,,,,,,,,,,,,,,,,,,,,,,,
0:00:00,,,,,,,,,,,,,,,,,,,,,,,,,
0:00:00,,,,,,,,,,,,,,,,,,,,,,,,,
0:00:00,,,,,,,,,,,,,,,,,,,,,,,,,
0:00:00,,,,,,,,,,,,,,,,,,,,,,,,,
0:00:00,,,,,,,,,,,,,,,,,,,,,,,,,
0:00:00,,,,,,,,,,,,,,,,,,,,,,,,,
0:00:00,,,,,,,,,,,,,,,,,,,,,,,,,
0:00:00,,,,,,,,,,,,,,,,,,,,,,,,,
0:00:00,,,,,,,,,,,,,,,,,,,,,,,,,
0:00:00,,,,,,,,,,,,,,,,,,,,,,,,,
0:00:00,,,,,,,,,,,,,,,,,,,,,,,,,
0:00:00,,,,,,,,,,,,,,,,,,,,,,,,,
0:00:00,,,,,,,,,,,,,,,,,,,,,,,,,
0:00:00,,,,,,,,,,,,,,,,,,,,,,,,,
0:00:00,,,,,,,,,,,,,,,,,,,,,,,,,
0:00:00,,,,,,,,,,,,,,,,,,,,,,,,,
0:00:00,,,,,,,,,,,,,,,,,,,,,,,,,
0:00:00,,,,,,,,,,,,,,,,,,,,,,,,,
0:00:00,,,,,,,,,,,,,,,,,,,,,,,,,
0:00:00,,,,,,,,,,,,,,,,,,,,,,,,,
0:00:00,,,,,,,,,,,,,,,,,,,,,,,,,
0:00:00,,,,,,,,,,,,,,,,,,,,,,,,,
0:00:00,,,,,,,,,,,,,,,,,,,,,,,,,
0:00:00,,,,,,,,,,,,,,,,,,,,,,,,,
0:00:00,,,,,,,,,,,,,,,,,,,,,,,,,
0:00:00,,,,,,,,,,,,,,,,,,,,,,,,,
0:00:00,,,,,,,,,,,,,,,,,,,,,,,,,
0:00:00,,,,,,,,,,,,,,,,,,,,,,,,,
0:00:00,,,,,,,,,,,,,,,,,,,,,,,,,
0:00:00,,,,,,,,,,,,,,,,,,,,,,,,,
0:00:00,,,,,,,,,,,,,,,,,,,,,,,,,
0:00:00,,,,,,,,,,,,,,,,,,,,,,,,,
0:00:00,,,,,,,,,,,,,,,,,,,,,,,,,
0:00:00,,,,,,,,,,,,,,,,,,,,,,,,,
0:00:00,,,,,,,,,,,,,,,,,,,,,,,,,
0:00:00,,,,,,,,,,,,,,,,,,,,,,,,,
0:00:00,,,,,,,,,,,,,,,,,,,,,,,,,
0:00:00,,,,,,,,,,,,,,,,,,,,,,,,,
0:00:00,,,,,,,,,,,,,,,,,,,,,,,,,
0:00:00,,,,,,,,,,,,,,,,,,,,,,,,,
0:00:00,,,,,,,,,,,,,,,,,,,,,,,,,
0:00:00,,,,,,,,,,,,,,,,,,,,,,,,,
0:00:00,,,,,,,,,,,,,,,,,,,,,,,,,
0:00:00,,,,,,,,,,,,,,,,,,,,,,,,,
0:00:00,,,,,,,,,,,,,,,,,,,,,,,,,
0:00:00,,,,,,,,,,,,,,,,,,,,,,,,,
0:00:00,,,,,,,,,,,,,,,,,,,,,,,,,
0:00:00,,,,,,,,,,,,,,,,,,,,,,,,,
0:00:00,,,,,,,,,,,,,,,,,,,,,,,,,
0:00:00,,,,,,,,,,,,,,,,,,,,,,,,,
0:00:00,,,,,,,,,,,,,,,,,,,,,,,,,
0:00:00,,,,,,,,,,,,,,,,,,,,,,,,,
0:00:00,,,,,,,,,,,,,,,,,,,,,,,,,
0:00:00,,,,,,,,,,,,,,,,,,,,,,,,,
0:00:00,,,,,,,,,,,,,,,,,,,,,,,,,
0:00:00,,,,,,,,,,,,,,,,,,,,,,,,,
0:00:00,,,,,,,,,,,,,,,,,,,,,,,,,
0:00:00,,,,,,,,,,,,,,,,,,,,,,,,,
0:00:00,,,,,,,,,,,,,,,,,,,,,,,,,
0:00:00,,,,,,,,,,,,,,,,,,,,,,,,,
0:00:00,,,,,,,,,,,,,,,,,,,,,,,,,
0:00:00,,,,,,,,,,,,,,,,,,,,,,,,,
0:00:00,,,,,,,,,,,,,,,,,,,,,,,,,
0:00:00,,,,,,,,,,,,,,,,,,,,,,,,,
0:00:00,,,,,,,,,,,,,,,,,,,,,,,,,
0:00:00,,,,,,,,,,,,,,,,,,,,,,,,,
0:00:00,,,,,,,,,,,,,,,,,,,,,,,,,
0:00:00,,,,,,,,,,,,,,,,,,,,,,,,,
0:00:00,,,,,,,,,,,,,,,,,,,,,,,,,
0:00:00,,,,,,,,,,,,,,,,,,,,,,,,,
0:00:00,,,,,,,,,,,,,,,,,,,,,,,,,
0:00:00,,,,,,,,,,,,,,,,,,,,,,,,,
0:00:00,,,,,,,,,,,,,,,,,,,,,,,,,
0:00:00,,,,,,,,,,,,,,,,,,,,,,,,,
0:00:00,,,,,,,,,,,,,,,,,,,,,,,,,
0:00:00,,,,,,,,,,,,,,,,,,,,,,,,,
0:00:00,,,,,,,,,,,,,,,,,,,,,,,,,
0:00:00,,,,,,,,,,,,,,,,,,,,,,,,,
0:00:00,,,,,,,,,,,,,,,,,,,,,,,,,
0:00:00,,,,,,,,,,,,,,,,,,,,,,,,,
0:00:00,,,,,,,,,,,,,,,,,,,,,,,,,
0:00:00,,,,,,,,,,,,,,,,,,,,,,,,,
0:00:00,,,,,,,,,,,,,,,,,,,,,,,,,
0:00:00,,,,,,,,,,,,,,,,,,,,,,,,,
0:00:00,,,,,,,,,,,,,,,,,,,,,,,,,
0:00:00,,,,,,,,,,,,,,,,,,,,,,,,,
0:00:00,,,,,,,,,,,,,,,,,,,,,,,,,
0:00:00,,,,,,,,,,,,,,,,,,,,,,,,,
0:00:00,,,,,,,,,,,,,,,,,,,,,,,,,
0:00:00,,,,,,,,,,,,,,,,,,,,,,,,,
0:00:00,,,,,,,,,,,,,,,,,,,,,,,,,
0:00:00,,,,,,,,,,,,,,,,,,,,,,,,,
0:00:00,,,,,,,,,,,,,,,,,,,,,,,,,
0:00:00,,,,,,,,,,,,,,,,,,,,,,,,,
0:00:00,,,,,,,,,,,,,,,,,,,,,,,,,
0:00:00,,,,,,,,,,,,,,,,,,,,,,,,,
0:00:00,,,,,,,,,,,,,,,,,,,,,,,,,
0:00:00,,,,,,,,,,,,,,,,,,,,,,,,,
0:00:00,,,,,,,,,,,,,,,,,,,,,,,,,
0:00:00,,,,,,,,,,,,,,,,,,,,,,,,,
0:00:00,,,,,,,,,,,,,,,,,,,,,,,,,
0:00:00,,,,,,,,,,,,,,,,,,,,,,,,,
0:00:00,,,,,,,,,,,,,,,,,,,,,,,,,
0:00:00,,,,,,,,,,,,,,,,,,,,,,,,,
0:00:00,,,,,,,,,,,,,,,,,,,,,,,,,
0:00:00,,,,,,,,,,,,,,,,,,,,,,,,,
0:00:00,,,,,,,,,,,,,,,,,,,,,,,,,
0:00:00,,,,,,,,,,,,,,,,,,,,,,,,,
0:00:00,,,,,,,,,,,,,,,,,,,,,,,,,
0:00:00,,,,,,,,,,,,,,,,,,,,,,,,,
0:00:00,,,,,,,,,,,,,,,,,,,,,,,,,
0:00:00,,,,,,,,,,,,,,,,,,,,,,,,,
0:00:00,,,,,,,,,,,,,,,,,,,,,,,,,
0:00:00,,,,,,,,,,,,,,,,,,,,,,,,,
0:00:00,,,,,,,,,,,,,,,,,,,,,,,,,
0:00:00,,,,,,,,,,,,,,,,,,,,,,,,,
0:00:00,,,,,,,,,,,,,,,,,,,,,,,,,
0:00:00,,,,,,,,,,,,,,,,,,,,,,,,,
0:00:00,,,,,,,,,,,,,,,,,,,,,,,,,
0:00:00,,,,,,,,,,,,,,,,,,,,,,,,,
0:00:00,,,,,,,,,,,,,,,,,,,,,,,,,
0:00:00,,,,,,,,,,,,,,,,,,,,,,,,,
0:00:00,,,,,,,,,,,,,,,,,,,,,,,,,
0:00:00,,,,,,,,,,,,,,,,,,,,,,,,,
0:00:00,,,,,,,,,,,,,,,,,,,,,,,,,
0:00:00,,,,,,,,,,,,,,,,,,,,,,,,,
0:00:00,,,,,,,,,,,,,,,,,,,,,,,,,
0:00:00,,,,,,,,,,,,,,,,,,,,,,,,,
0:00:00,,,,,,,,,,,,,,,,,,,,,,,,,
0:00:00,,,,,,,,,,,,,,,,,,,,,,,,,
0:00:00,,,,,,,,,,,,,,,,,,,,,,,,,
0:00:00,,,,,,,,,,,,,,,,,,,,,,,,,
0:00:00,,,,,,,,,,,,,,,,,,,,,,,,,
0:00:00,,,,,,,,,,,,,,,,,,,,,,,,,
0:00:00,,,,,,,,,,,,,,,,,,,,,,,,,
0:00:00,,,,,,,,,,,,,,,,,,,,,,,,,
0:00:00,,,,,,,,,,,,,,,,,,,,,,,,,
0:00:00,,,,,,,,,,,,,,,,,,,,,,,,,
0:00:00,,,,,,,,,,,,,,,,,,,,,,,,,
0:00:00,,,,,,,,,,,,,,,,,,,,,,,,,
0:00:00,,,,,,,,,,,,,,,,,,,,,,,,,
0:00:00,,,,,,,,,,,,,,,,,,,,,,,,,
0:00:00,,,,,,,,,,,,,,,,,,,,,,,,,
0:00:00,,,,,,,,,,,,,,,,,,,,,,,,,
0:00:00,,,,,,,,,,,,,,,,,,,,,,,,,
0:00:00,,,,,,,,,,,,,,,,,,,,,,,,,
0:00:00,,,,,,,,,,,,,,,,,,,,,,,,,
0:00:00,,,,,,,,,,,,,,,,,,,,,,,,,
0:00:00,,,,,,,,,,,,,,,,,,,,,,,,,
0:00:00,,,,,,,,,,,,,,,,,,,,,,,,,
,,,,,,,,,,,,,,,,,,,,,,,,,
"gfp:485,515[2]",,,,,,,,,,,,,,,,,,,,,,,,,
,,,,,,,,,,,,,,,,,,,,,,,,,
Time,"T∞ gfp:485,515[2]",A1,A2,B1,B2,C1,C2,D1,D2,E1,E2,F1,F2,G1,G2,H1,H2,I1,I2,,,,,,
0:00:11,35.1,2182,2188,2005,2409,2179,1981,2279,2394,2666,2432,2287,2261,2255,2214,2719,2615,1867,1888,,,,,,
0:03:11,34.2,2086,2027,1892,2122,1948,1957,2157,2270,2460,2369,2100,2226,2218,2191,2607,2511,1713,1853,,,,,,
0:06:11,34,2004,2053,1786,2135,1976,1765,2065,2183,2326,2179,2039,2129,2165,2205,1617,2069,1668,1712,,,,,,
0:09:11,34,1870,1821,1523,1757,1801,1772,1997,2011,2245,2043,2108,2143,2267,2138,1380,1281,1505,1132,,,,,,
0:12:11,34.1,1257,1191,709,756,1353,1245,1259,1128,2155,2056,1964,1955,2088,1893,1816,2045,827,802,,,,,,
0:15:11,34,2083,1996,864,858,1195,1027,1785,1425,2173,2044,1368,1304,3754,3411,2310,2542,681,920,,,,,,
0:18:11,34,3051,2826,864,879,2159,1817,2933,2505,2100,2000,1227,1391,6194,5929,3034,3627,778,937,,,,,,
0:21:11,34,4244,3716,886,917,2816,2649,4047,3491,1982,1960,1862,2137,8726,8629,4052,4646,789,908,,,,,,
0:24:11,34,5161,4703,826,938,3769,3442,5253,4540,2090,1965,2656,3092,11639,11027,5302,5846,800,998,,,,,,
0:27:11,34,6496,5694,813,864,4638,4691,6555,5748,1869,1869,3525,3927,14254,13946,6498,7202,709,953,,,,,,
0:30:11,34,7290,6915,790,826,5652,5875,8120,6853,1988,1835,4377,4874,17310,16846,8048,8576,744,952,,,,,,
0:33:11,34,8934,8339,782,840,6824,7245,9562,8139,1960,1873,5330,6017,20565,19745,9567,10020,698,1047,,,,,,
0:36:11,34,10448,9757,751,829,8062,8461,11278,9712,1888,1863,6280,7355,23334,22535,11387,11719,672,1074,,,,,,
0:39:11,34,11930,11332,727,790,9110,9764,13159,11183,1832,1729,7275,8445,26825,25286,13094,13238,697,1083,,,,,,
0:42:11,34,13675,12991,765,826,10561,11894,15166,12503,1811,1787,8534,9481,29584,29158,14711,14708,694,1157,,,,,,
0:45:11,34,15069,14741,731,786,11850,13093,17066,13960,1693,1649,9511,10621,32349,31486,16219,16692,660,1184,,,,,,
0:48:11,34,17198,16394,751,792,13200,14576,18868,15574,1668,1717,10586,11935,35996,34656,17964,17983,697,1302,,,,,,
0:51:11,34,18324,18398,769,804,14539,16695,21454,17042,1521,1551,11627,13565,39175,36438,19564,19843,701,1270,,,,,,
0:54:11,34,19972,19912,759,793,16401,17781,23749,18908,1486,1536,13053,15060,41761,40109,21125,21472,707,1379,,,,,,
0:57:11,34,22016,21668,820,798,17940,19926,26021,20277,1371,1428,14193,16233,44576,43432,22578,23449,689,1451,,,,,,
1:00:11,34,23301,23968,797,806,19254,21432,28109,22429,1298,1312,14942,17498,47557,46085,24517,24925,716,1521,,,,,,
1:03:11,34,25313,24745,732,859,20983,22344,30835,24284,1224,1204,16090,19076,50633,48301,25841,26372,735,1654,,,,,,
1:06:11,34,26857,26568,853,818,22434,24266,33018,25198,1202,1145,17114,20343,53345,52050,27251,28162,739,1711,,,,,,
1:09:11,34,27977,28102,869,878,23575,26449,34526,27295,1092,1147,18181,21533,56124,54154,29262,29829,754,1738,,,,,,
1:12:11,34,29700,29960,848,884,25918,27406,36663,28897,1012,1056,19440,22702,59422,56557,30842,31464,804,1873,,,,,,
1:15:11,34,32163,31089,874,892,26834,28839,39474,30175,967,1034,20351,23854,62122,59434,32010,32821,788,1917,,,,,,
1:18:11,34,33158,32361,899,939,28032,30976,42068,32016,992,965,21342,24952,65216,62579,34375,34955,833,2110,,,,,,
1:21:11,34,35187,34414,948,898,29939,32646,44203,33890,895,929,22195,26472,68932,65465,35765,36726,859,2145,,,,,,
1:24:11,34,36703,36285,932,973,31188,33658,45973,36098,890,948,23463,27471,70911,68086,37327,38236,844,2256,,,,,,
1:27:11,34,38751,37899,958,979,32319,34746,48845,37353,824,911,24294,28559,74385,71026,37819,39951,843,2395,,,,,,
1:30:11,34,40374,39322,1018,1066,33544,35961,50868,38857,789,889,25188,29940,76804,73903,40005,41333,924,2489,,,,,,
1:33:11,34,41173,41219,996,1027,35313,37459,52034,40272,806,839,26475,30562,79866,76129,41745,43065,963,2633,,,,,,
1:36:11,34,43241,42109,1043,1122,36342,40128,54508,42829,746,825,27443,32359,83487,80106,42696,44473,1048,2878,,,,,,
1:39:11,34,44729,44351,1057,1051,38402,41116,56411,44935,782,792,28139,32964,85268,82485,43550,46745,1014,2901,,,,,,
1:42:11,34,46401,46481,1023,1114,39475,42628,57836,46579,783,775,29610,34160,89089,84398,45894,47412,1061,3035,,,,,,
1:45:11,34,48301,47885,1122,1094,40819,44274,59570,48026,717,750,30258,35515,90917,87346,47031,48895,1128,3247,,,,,,
1:48:11,34,49252,49066,1077,1132,41899,44915,61871,50043,786,716,30332,36501,92784,91603,48195,50741,1163,3235,,,,,,
1:51:11,34,50723,50825,1087,1147,43060,47914,63446,50658,754,767,31618,37636,96190,91451,49313,52999,1264,3374,,,,,,
1:54:11,34,53602,53439,1125,1142,44306,49148,64448,53634,776,777,32582,38248,98997,98265,50841,52772,1318,3574,,,,,,
1:57:11,34,55580,54732,1112,1123,46084,50246,67003,55791,782,731,33802,39648,OVRFLW,OVRFLW,52027,53797,1313,3798,,,,,,
2:00:11,34,56443,55955,1153,1179,47471,51654,68949,56298,730,704,34889,41190,OVRFLW,OVRFLW,52825,56379,1384,3696,,,,,,
2:03:11,34,56944,58259,1218,1156,48943,53442,70147,58132,741,715,35639,42099,OVRFLW,OVRFLW,53534,57895,1422,3890,,,,,,
2:06:11,34,59349,58733,1147,1239,49457,55425,71831,59962,722,705,36216,43086,OVRFLW,OVRFLW,54963,59133,1459,4113,,,,,,
2:09:11,34,61042,60721,1187,1320,50883,56895,73850,62303,746,690,37491,44683,OVRFLW,OVRFLW,55272,59667,1622,4224,,,,,,
2:12:11,34,62846,62483,1233,1242,52401,57773,74853,62903,741,667,38633,45985,OVRFLW,OVRFLW,55951,61672,1633,4345,,,,,,
2:15:11,34,63791,64323,1205,1241,53828,60000,77225,65063,725,687,39308,47330,OVRFLW,OVRFLW,56985,62861,1719,4415,,,,,,
2:18:11,34,65247,66718,1270,1351,54611,60498,78743,65746,772,690,40460,47582,OVRFLW,OVRFLW,58934,63003,1759,4760,,,,,,
2:21:11,34,67210,67486,1202,1280,55659,62330,79735,66854,735,722,41265,48876,OVRFLW,OVRFLW,59237,64042,1892,4859,,,,,,
2:24:11,34,68570,67591,1298,1272,57373,64039,81704,67935,778,679,41649,48922,OVRFLW,OVRFLW,60717,65829,1935,4952,,,,,,
2:27:11,34,70728,69725,1279,1309,57950,65975,82531,69244,734,704,42805,50783,OVRFLW,OVRFLW,59980,66429,2060,5022,,,,,,
2:30:11,34,71109,71860,1239,1321,60038,66939,85334,71599,754,729,43470,52319,OVRFLW,OVRFLW,62086,66655,2161,5193,,,,,,
2:33:11,34,74298,72759,1358,1396,60927,69248,86471,73978,728,690,44398,52785,OVRFLW,OVRFLW,62413,68182,2229,5227,,,,,,
2:36:11,34,75375,73982,1356,1415,61860,70533,87879,76128,756,717,45222,54995,OVRFLW,OVRFLW,61970,69548,2346,5257,,,,,,
2:39:11,34,76617,76286,1300,1392,63389,72374,88539,76096,742,696,46455,54673,OVRFLW,OVRFLW,63687,68960,2429,5543,,,,,,
2:42:11,34,78283,77862,1358,1398,65122,74604,90865,79206,787,667,47490,56062,OVRFLW,OVRFLW,65027,70797,2587,5818,,,,,,
2:45:11,34,79781,78404,1393,1409,65182,74799,90980,80020,769,730,47830,57932,OVRFLW,OVRFLW,65380,70322,2752,5760,,,,,,
2:48:11,34,80872,80917,1405,1399,67816,75622,94174,80367,774,709,49366,57825,OVRFLW,OVRFLW,66374,73755,2830,6057,,,,,,
2:51:11,34,81722,81833,1445,1448,68653,78664,93494,82821,777,686,49847,58821,OVRFLW,OVRFLW,65948,74364,3009,6168,,,,,,
2:54:11,34.1,84636,82530,1408,1507,71356,80260,96072,83475,777,662,49880,60921,OVRFLW,OVRFLW,67321,73450,3045,6258,,,,,,
2:57:11,34,85340,84434,1440,1533,71332,81964,96406,84579,778,690,52385,61939,OVRFLW,OVRFLW,68337,74283,3189,6388,,,,,,
3:00:11,34,87953,84660,1511,1512,72142,83315,98165,85860,770,675,53214,63978,OVRFLW,OVRFLW,68601,75651,3350,6592,,,,,,
3:03:11,34,89158,88477,1422,1509,74134,84439,98253,87385,754,676,52382,62907,OVRFLW,OVRFLW,68157,76201,3381,6716,,,,,,
3:06:11,34,89615,89311,1493,1576,75370,84440,OVRFLW,89059,764,697,54056,65032,OVRFLW,OVRFLW,69900,77230,3548,6799,,,,,,
3:09:11,34,91091,89254,1515,1577,77721,86185,OVRFLW,90207,748,692,54976,65687,OVRFLW,OVRFLW,69300,78408,3748,6995,,,,,,
3:12:11,34,92155,91915,1530,1522,77093,88857,OVRFLW,89854,746,701,55694,67297,OVRFLW,OVRFLW,70694,77017,3817,7219,,,,,,
3:15:11,34,94581,91770,1602,1619,77950,88663,OVRFLW,92137,758,698,57150,67664,OVRFLW,OVRFLW,69369,79528,4040,7366,,,,,,
3:18:11,34,94493,92799,1587,1588,78629,89643,OVRFLW,92298,701,671,57385,68047,OVRFLW,OVRFLW,71366,78857,4051,7284,,,,,,
3:21:11,34,96452,92736,1543,1675,80404,93318,OVRFLW,94068,731,685,57991,70045,OVRFLW,OVRFLW,71720,80624,4325,7578,,,,,,
3:24:11,34,98639,95730,1565,1677,82180,93493,OVRFLW,96042,732,702,58844,72440,OVRFLW,OVRFLW,70491,81119,4520,7564,,,,,,
3:27:11,34,OVRFLW,96144,1673,1651,83097,94977,OVRFLW,96530,755,729,60925,72122,OVRFLW,OVRFLW,71680,81123,4623,7857,,,,,,
3:30:11,34,99476,98963,1623,1617,83373,96203,OVRFLW,98071,737,702,60903,72805,OVRFLW,OVRFLW,74001,80936,4748,8053,,,,,,
3:33:11,34,OVRFLW,99150,1628,1682,85299,97579,OVRFLW,98419,733,678,60837,73935,OVRFLW,OVRFLW,72644,81333,5074,8120,,,,,,
3:36:11,34,OVRFLW,OVRFLW,1627,1773,86437,98389,OVRFLW,97671,753,681,62245,74287,OVRFLW,OVRFLW,73503,83191,5110,8355,,,,,,
3:39:11,34,OVRFLW,OVRFLW,1632,1655,86504,99651,OVRFLW,OVRFLW,728,711,63692,76113,OVRFLW,OVRFLW,73319,84417,5045,8623,,,,,,
3:42:11,34,OVRFLW,OVRFLW,1740,1732,88448,99055,OVRFLW,OVRFLW,759,717,64497,76961,OVRFLW,OVRFLW,74238,84216,5424,8564,,,,,,
3:45:11,34,OVRFLW,OVRFLW,1711,1797,89111,OVRFLW,OVRFLW,OVRFLW,768,682,64309,78696,OVRFLW,OVRFLW,74330,84151,5607,8746,,,,,,
3:48:11,34,OVRFLW,OVRFLW,1743,1787,88925,OVRFLW,OVRFLW,OVRFLW,755,663,66065,78002,OVRFLW,OVRFLW,75239,85384,5691,8969,,,,,,
3:51:11,34,OVRFLW,OVRFLW,1713,1760,90562,OVRFLW,OVRFLW,OVRFLW,697,741,66120,79403,OVRFLW,OVRFLW,75339,85213,5714,8981,,,,,,
3:54:11,34,OVRFLW,OVRFLW,1730,1736,90822,OVRFLW,OVRFLW,OVRFLW,772,732,66680,79772,OVRFLW,OVRFLW,76118,85800,5992,9260,,,,,,
3:57:11,34,OVRFLW,OVRFLW,1761,1892,91948,OVRFLW,OVRFLW,OVRFLW,735,707,68379,80256,OVRFLW,OVRFLW,77305,85870,6061,9367,,,,,,
4:00:11,34,OVRFLW,OVRFLW,1821,1877,92614,OVRFLW,OVRFLW,OVRFLW,731,689,68528,81999,OVRFLW,OVRFLW,76266,87283,6352,9634,,,,,,
4:03:11,34,OVRFLW,OVRFLW,1759,1777,93019,OVRFLW,OVRFLW,OVRFLW,771,720,69348,82844,OVRFLW,OVRFLW,76579,87607,6392,9792,,,,,,
4:06:11,34,OVRFLW,OVRFLW,1822,1958,94649,OVRFLW,OVRFLW,OVRFLW,738,710,70497,83453,OVRFLW,OVRFLW,76597,88040,6435,9822,,,,,,
4:09:11,34,OVRFLW,OVRFLW,1791,1888,94882,OVRFLW,OVRFLW,OVRFLW,741,699,70468,84871,OVRFLW,OVRFLW,75856,87775,6624,9926,,,,,,
4:12:11,34,OVRFLW,OVRFLW,1825,1924,97376,OVRFLW,OVRFLW,OVRFLW,740,722,71648,85827,OVRFLW,OVRFLW,75697,88539,6852,10102,,,,,,
4:15:11,34,OVRFLW,OVRFLW,1870,1895,94709,OVRFLW,OVRFLW,OVRFLW,728,717,71326,86106,OVRFLW,OVRFLW,78061,89278,7006,10360,,,,,,
4:18:11,34,OVRFLW,OVRFLW,1891,1994,95274,OVRFLW,OVRFLW,OVRFLW,749,723,72593,88502,OVRFLW,OVRFLW,78160,90218,7085,10072,,,,,,
4:21:11,34,OVRFLW,OVRFLW,1916,1962,96114,OVRFLW,OVRFLW,OVRFLW,753,685,73531,88456,OVRFLW,OVRFLW,78414,88719,7112,10538,,,,,,
4:24:11,34,OVRFLW,OVRFLW,1887,1908,99358,OVRFLW,OVRFLW,OVRFLW,788,735,75604,88941,OVRFLW,OVRFLW,80255,89473,7345,10514,,,,,,
4:27:11,34,OVRFLW,OVRFLW,1992,1919,96345,OVRFLW,OVRFLW,OVRFLW,745,714,74891,89682,OVRFLW,OVRFLW,78426,89950,7580,10885,,,,,,
4:30:11,34,OVRFLW,OVRFLW,1825,2002,98887,OVRFLW,OVRFLW,OVRFLW,723,683,76497,91388,OVRFLW,OVRFLW,79322,91943,7763,10809,,,,,,
4:33:11,34,OVRFLW,OVRFLW,1941,1994,98995,OVRFLW,OVRFLW,OVRFLW,734,724,76716,92873,OVRFLW,OVRFLW,79758,90878,7815,10946,,,,,,
4:36:11,34,OVRFLW,OVRFLW,1988,1979,OVRFLW,OVRFLW,OVRFLW,OVRFLW,764,715,78136,92696,OVRFLW,OVRFLW,79112,90160,7966,11082,,,,,,
4:39:11,34,OVRFLW,OVRFLW,1953,2138,OVRFLW,OVRFLW,OVRFLW,OVRFLW,742,702,78408,93616,OVRFLW,OVRFLW,79962,93090,8225,11400,,,,,,
4:42:11,34,OVRFLW,OVRFLW,1974,2065,OVRFLW,OVRFLW,OVRFLW,OVRFLW,760,702,78573,94215,OVRFLW,OVRFLW,79924,92316,8216,11508,,,,,,
4:45:11,34,OVRFLW,OVRFLW,1945,2105,OVRFLW,OVRFLW,OVRFLW,OVRFLW,767,684,80641,95757,OVRFLW,OVRFLW,81266,92243,8432,11583,,,,,,
4:48:11,34,OVRFLW,OVRFLW,1962,2099,OVRFLW,OVRFLW,OVRFLW,OVRFLW,738,722,80971,97857,OVRFLW,OVRFLW,80284,94027,8528,11630,,,,,,
4:51:11,34,OVRFLW,OVRFLW,1980,2150,OVRFLW,OVRFLW,OVRFLW,OVRFLW,761,681,80225,95066,OVRFLW,OVRFLW,81030,92350,8668,11789,,,,,,
4:54:11,34,OVRFLW,OVRFLW,2094,2058,OVRFLW,OVRFLW,OVRFLW,OVRFLW,747,666,82160,96514,OVRFLW,OVRFLW,80520,92620,8657,11851,,,,,,
4:57:11,34,OVRFLW,OVRFLW,2092,2182,OVRFLW,OVRFLW,OVRFLW,OVRFLW,771,686,81766,99022,OVRFLW,OVRFLW,81328,94063,8690,11870,,,,,,
5:00:11,34,OVRFLW,OVRFLW,2013,2210,OVRFLW,OVRFLW,OVRFLW,OVRFLW,703,697,82636,98548,OVRFLW,OVRFLW,81164,92625,8928,11880,,,,,,
5:03:11,34,OVRFLW,OVRFLW,2015,2138,OVRFLW,OVRFLW,OVRFLW,OVRFLW,782,652,84232,98016,OVRFLW,OVRFLW,82840,94430,9169,11872,,,,,,
5:06:11,34,OVRFLW,OVRFLW,2056,2195,OVRFLW,OVRFLW,OVRFLW,OVRFLW,805,710,83578,OVRFLW,OVRFLW,OVRFLW,83582,95521,9232,12446,,,,,,
5:09:11,34,OVRFLW,OVRFLW,2137,2198,OVRFLW,OVRFLW,OVRFLW,OVRFLW,755,711,84015,OVRFLW,OVRFLW,OVRFLW,83039,94292,9096,12230,,,,,,
5:12:11,34,OVRFLW,OVRFLW,2157,2207,OVRFLW,OVRFLW,OVRFLW,OVRFLW,768,692,84657,OVRFLW,OVRFLW,OVRFLW,81976,96564,9333,12335,,,,,,
5:15:11,34,OVRFLW,OVRFLW,2049,2254,OVRFLW,OVRFLW,OVRFLW,OVRFLW,805,699,84463,OVRFLW,OVRFLW,OVRFLW,82983,96488,9718,12545,,,,,,
5:18:11,34,OVRFLW,OVRFLW,2161,2255,OVRFLW,OVRFLW,OVRFLW,OVRFLW,783,708,86415,OVRFLW,OVRFLW,OVRFLW,84751,94996,9452,12596,,,,,,
5:21:11,34,OVRFLW,OVRFLW,2177,2276,OVRFLW,OVRFLW,OVRFLW,OVRFLW,792,709,87382,OVRFLW,OVRFLW,OVRFLW,85292,92368,9926,12434,,,,,,
5:24:11,34,OVRFLW,OVRFLW,2115,2193,OVRFLW,OVRFLW,OVRFLW,OVRFLW,782,726,87244,OVRFLW,OVRFLW,OVRFLW,84527,95878,10270,12576,,,,,,
5:27:11,34,OVRFLW,OVRFLW,2267,2250,OVRFLW,OVRFLW,OVRFLW,OVRFLW,734,695,88124,OVRFLW,OVRFLW,OVRFLW,84015,95612,10135,12727,,,,,,
5:30:11,34,OVRFLW,OVRFLW,2178,2301,OVRFLW,OVRFLW,OVRFLW,OVRFLW,818,728,88436,OVRFLW,OVRFLW,OVRFLW,85074,97952,10145,12964,,,,,,
5:33:11,34,OVRFLW,OVRFLW,2110,2275,OVRFLW,OVRFLW,OVRFLW,OVRFLW,793,644,87108,OVRFLW,OVRFLW,OVRFLW,84720,96057,10232,13152,,,,,,
5:36:11,34,OVRFLW,OVRFLW,2192,2373,OVRFLW,OVRFLW,OVRFLW,OVRFLW,837,711,89897,OVRFLW,OVRFLW,OVRFLW,82662,96270,10340,13231,,,,,,
5:39:11,34,OVRFLW,OVRFLW,2237,2278,OVRFLW,OVRFLW,OVRFLW,OVRFLW,762,685,89354,OVRFLW,OVRFLW,OVRFLW,84813,97744,10579,13361,,,,,,
5:42:11,34,OVRFLW,OVRFLW,2165,2329,OVRFLW,OVRFLW,OVRFLW,OVRFLW,799,661,88931,OVRFLW,OVRFLW,OVRFLW,85983,99076,10667,13303,,,,,,
5:45:11,34,OVRFLW,OVRFLW,2202,2314,OVRFLW,OVRFLW,OVRFLW,OVRFLW,828,707,90890,OVRFLW,OVRFLW,OVRFLW,86243,95862,10583,13478,,,,,,
5:48:11,34,OVRFLW,OVRFLW,2225,2358,OVRFLW,OVRFLW,OVRFLW,OVRFLW,799,736,91995,OVRFLW,OVRFLW,OVRFLW,86009,98393,10816,13481,,,,,,
5:51:11,34,OVRFLW,OVRFLW,2265,2364,OVRFLW,OVRFLW,OVRFLW,OVRFLW,819,707,92807,OVRFLW,OVRFLW,OVRFLW,85971,99465,10968,13590,,,,,,
5:54:11,34,OVRFLW,OVRFLW,2291,2401,OVRFLW,OVRFLW,OVRFLW,OVRFLW,760,631,91328,OVRFLW,OVRFLW,OVRFLW,86916,97826,11272,13792,,,,,,
5:57:11,34,OVRFLW,OVRFLW,2258,2407,OVRFLW,OVRFLW,OVRFLW,OVRFLW,794,730,93557,OVRFLW,OVRFLW,OVRFLW,87446,99229,11141,13760,,,,,,
6:00:11,34,OVRFLW,OVRFLW,2275,2394,OVRFLW,OVRFLW,OVRFLW,OVRFLW,753,703,93243,OVRFLW,OVRFLW,OVRFLW,87391,98673,11347,13909,,,,,,
6:03:11,34,OVRFLW,OVRFLW,2236,2404,OVRFLW,OVRFLW,OVRFLW,OVRFLW,799,763,94610,OVRFLW,OVRFLW,OVRFLW,87605,98488,11524,13524,,,,,,
6:06:11,34,OVRFLW,OVRFLW,2238,2530,OVRFLW,OVRFLW,OVRFLW,OVRFLW,777,735,93896,OVRFLW,OVRFLW,OVRFLW,85635,OVRFLW,11526,14244,,,,,,
6:09:11,34,OVRFLW,OVRFLW,2335,2464,OVRFLW,OVRFLW,OVRFLW,OVRFLW,770,733,94561,OVRFLW,OVRFLW,OVRFLW,88487,OVRFLW,11663,13800,,,,,,
6:12:11,34,OVRFLW,OVRFLW,2274,2450,OVRFLW,OVRFLW,OVRFLW,OVRFLW,799,697,94903,OVRFLW,OVRFLW,OVRFLW,87697,99071,11960,14007,,,,,,
6:15:11,34,OVRFLW,OVRFLW,2373,2471,OVRFLW,OVRFLW,OVRFLW,OVRFLW,766,709,95368,OVRFLW,OVRFLW,OVRFLW,88260,OVRFLW,11903,14211,,,,,,
6:18:11,34,OVRFLW,OVRFLW,2387,2515,OVRFLW,OVRFLW,OVRFLW,OVRFLW,784,728,96120,OVRFLW,OVRFLW,OVRFLW,88166,99968,12078,14138,,,,,,
6:21:11,34,OVRFLW,OVRFLW,2386,2435,OVRFLW,OVRFLW,OVRFLW,OVRFLW,792,712,95039,OVRFLW,OVRFLW,OVRFLW,88148,OVRFLW,12102,13860,,,,,,
6:24:11,34,OVRFLW,OVRFLW,2389,2512,OVRFLW,OVRFLW,OVRFLW,OVRFLW,802,718,95615,OVRFLW,OVRFLW,OVRFLW,88393,OVRFLW,11834,14196,,,,,,
6:27:11,34,OVRFLW,OVRFLW,2335,2587,OVRFLW,OVRFLW,OVRFLW,OVRFLW,818,714,96596,OVRFLW,OVRFLW,OVRFLW,87784,OVRFLW,12436,14387,,,,,,
6:30:11,34,OVRFLW,OVRFLW,2454,2524,OVRFLW,OVRFLW,OVRFLW,OVRFLW,776,692,96454,OVRFLW,OVRFLW,OVRFLW,88951,OVRFLW,12406,14295,,,,,,
6:33:11,34,OVRFLW,OVRFLW,2492,2489,OVRFLW,OVRFLW,OVRFLW,OVRFLW,818,713,97034,OVRFLW,OVRFLW,OVRFLW,89389,OVRFLW,12654,14560,,,,,,
6:36:11,34,OVRFLW,OVRFLW,2462,2586,OVRFLW,OVRFLW,OVRFLW,OVRFLW,788,690,96088,OVRFLW,OVRFLW,OVRFLW,90108,OVRFLW,12402,14534,,,,,,
6:39:11,34,OVRFLW,OVRFLW,2449,2585,OVRFLW,OVRFLW,OVRFLW,OVRFLW,836,740,97655,OVRFLW,OVRFLW,OVRFLW,88853,OVRFLW,12697,14671,,,,,,
6:42:11,34,OVRFLW,OVRFLW,2450,2606,OVRFLW,OVRFLW,OVRFLW,OVRFLW,836,728,98558,OVRFLW,OVRFLW,OVRFLW,89411,OVRFLW,12701,14504,,,,,,
6:45:11,34,OVRFLW,OVRFLW,2458,2660,OVRFLW,OVRFLW,OVRFLW,OVRFLW,783,691,99789,OVRFLW,OVRFLW,OVRFLW,88586,OVRFLW,12802,14627,,,,,,
6:48:11,34,OVRFLW,OVRFLW,2439,2628,OVRFLW,OVRFLW,OVRFLW,OVRFLW,816,749,99933,OVRFLW,OVRFLW,OVRFLW,89053,OVRFLW,12568,14402,,,,,,
6:51:11,34,OVRFLW,OVRFLW,2387,2691,OVRFLW,OVRFLW,OVRFLW,OVRFLW,836,728,99015,OVRFLW,OVRFLW,OVRFLW,88826,OVRFLW,13013,14543,,,,,,
6:54:11,34,OVRFLW,OVRFLW,2504,2700,OVRFLW,OVRFLW,OVRFLW,OVRFLW,843,731,OVRFLW,OVRFLW,OVRFLW,OVRFLW,89296,OVRFLW,12855,14433,,,,,,
6:57:11,34,OVRFLW,OVRFLW,2590,2623,OVRFLW,OVRFLW,OVRFLW,OVRFLW,766,722,OVRFLW,OVRFLW,OVRFLW,OVRFLW,91119,OVRFLW,13124,14286,,,,,,
7:00:11,34,OVRFLW,OVRFLW,2549,2657,OVRFLW,OVRFLW,OVRFLW,OVRFLW,746,766,OVRFLW,OVRFLW,OVRFLW,OVRFLW,89469,OVRFLW,12903,14681,,,,,,
7:03:11,34,OVRFLW,OVRFLW,2568,2689,OVRFLW,OVRFLW,OVRFLW,OVRFLW,813,756,OVRFLW,OVRFLW,OVRFLW,OVRFLW,90003,OVRFLW,12947,14941,,,,,,
7:06:11,34,OVRFLW,OVRFLW,2492,2700,OVRFLW,OVRFLW,OVRFLW,OVRFLW,785,724,OVRFLW,OVRFLW,OVRFLW,OVRFLW,89887,OVRFLW,13369,14644,,,,,,
7:09:11,34,OVRFLW,OVRFLW,2529,2733,OVRFLW,OVRFLW,OVRFLW,OVRFLW,760,709,OVRFLW,OVRFLW,OVRFLW,OVRFLW,91101,OVRFLW,13092,14864,,,,,,
7:12:11,34,OVRFLW,OVRFLW,2578,2669,OVRFLW,OVRFLW,OVRFLW,OVRFLW,841,703,OVRFLW,OVRFLW,OVRFLW,OVRFLW,90449,OVRFLW,13653,14686,,,,,,
7:15:11,34,OVRFLW,OVRFLW,2526,2781,OVRFLW,OVRFLW,OVRFLW,OVRFLW,834,698,OVRFLW,OVRFLW,OVRFLW,OVRFLW,90262,OVRFLW,13431,15179,,,,,,
7:18:11,34,OVRFLW,OVRFLW,2541,2881,OVRFLW,OVRFLW,OVRFLW,OVRFLW,861,747,OVRFLW,OVRFLW,OVRFLW,OVRFLW,90211,OVRFLW,13751,14713,,,,,,
7:21:11,34,OVRFLW,OVRFLW,2491,2734,OVRFLW,OVRFLW,OVRFLW,OVRFLW,821,735,OVRFLW,OVRFLW,OVRFLW,OVRFLW,89978,OVRFLW,13636,15007,,,,,,
7:24:11,34,OVRFLW,OVRFLW,2582,2800,OVRFLW,OVRFLW,OVRFLW,OVRFLW,823,709,OVRFLW,OVRFLW,OVRFLW,OVRFLW,89745,OVRFLW,13582,15165,,,,,,
7:27:11,34,OVRFLW,OVRFLW,2575,2686,OVRFLW,OVRFLW,OVRFLW,OVRFLW,837,764,OVRFLW,OVRFLW,OVRFLW,OVRFLW,90296,OVRFLW,13910,14863,,,,,,
7:30:11,34,OVRFLW,OVRFLW,2573,2804,OVRFLW,OVRFLW,OVRFLW,OVRFLW,829,727,OVRFLW,OVRFLW,OVRFLW,OVRFLW,92074,OVRFLW,13761,14795,,,,,,
7:33:11,34,OVRFLW,OVRFLW,2673,2769,OVRFLW,OVRFLW,OVRFLW,OVRFLW,830,707,OVRFLW,OVRFLW,OVRFLW,OVRFLW,91078,OVRFLW,14065,15417,,,,,,
7:36:11,34,OVRFLW,OVRFLW,2619,2759,OVRFLW,OVRFLW,OVRFLW,OVRFLW,839,731,OVRFLW,OVRFLW,OVRFLW,OVRFLW,92541,OVRFLW,14053,15284,,,,,,
7:39:11,34,OVRFLW,OVRFLW,2654,2717,OVRFLW,OVRFLW,OVRFLW,OVRFLW,834,742,OVRFLW,OVRFLW,OVRFLW,OVRFLW,90771,OVRFLW,13724,15618,,,,,,
7:42:11,34,OVRFLW,OVRFLW,2607,2826,OVRFLW,OVRFLW,OVRFLW,OVRFLW,844,729,OVRFLW,OVRFLW,OVRFLW,OVRFLW,91687,OVRFLW,14227,15413,,,,,,
7:45:11,34,OVRFLW,OVRFLW,2720,2806,OVRFLW,OVRFLW,OVRFLW,OVRFLW,791,730,OVRFLW,OVRFLW,OVRFLW,OVRFLW,92204,OVRFLW,14176,15478,,,,,,
7:48:11,34,OVRFLW,OVRFLW,2768,2822,OVRFLW,OVRFLW,OVRFLW,OVRFLW,839,706,OVRFLW,OVRFLW,OVRFLW,OVRFLW,92548,OVRFLW,13980,15787,,,,,,
7:51:11,34,OVRFLW,OVRFLW,2693,2865,OVRFLW,OVRFLW,OVRFLW,OVRFLW,818,708,OVRFLW,OVRFLW,OVRFLW,OVRFLW,93625,OVRFLW,14401,15344,,,,,,
7:54:11,34,OVRFLW,OVRFLW,2691,2877,OVRFLW,OVRFLW,OVRFLW,OVRFLW,884,769,OVRFLW,OVRFLW,OVRFLW,OVRFLW,92208,OVRFLW,14104,15400,,,,,,
7:57:11,34,OVRFLW,OVRFLW,2639,2918,OVRFLW,OVRFLW,OVRFLW,OVRFLW,865,747,OVRFLW,OVRFLW,OVRFLW,OVRFLW,91541,OVRFLW,14507,15590,,,,,,
8:00:11,34,OVRFLW,OVRFLW,2674,2880,OVRFLW,OVRFLW,OVRFLW,OVRFLW,854,790,OVRFLW,OVRFLW,OVRFLW,OVRFLW,92440,OVRFLW,14487,15857,,,,,,
8:03:11,34,OVRFLW,OVRFLW,2776,2961,OVRFLW,OVRFLW,OVRFLW,OVRFLW,836,712,OVRFLW,OVRFLW,OVRFLW,OVRFLW,91896,OVRFLW,14717,15938,,,,,,
8:06:11,34,OVRFLW,OVRFLW,2851,2850,OVRFLW,OVRFLW,OVRFLW,OVRFLW,815,731,OVRFLW,OVRFLW,OVRFLW,OVRFLW,91601,OVRFLW,14618,15796,,,,,,
8:09:11,34,OVRFLW,OVRFLW,2672,2911,OVRFLW,OVRFLW,OVRFLW,OVRFLW,809,758,OVRFLW,OVRFLW,OVRFLW,OVRFLW,91422,OVRFLW,15053,15733,,,,,,
8:12:11,34,OVRFLW,OVRFLW,2739,2942,OVRFLW,OVRFLW,OVRFLW,OVRFLW,799,765,OVRFLW,OVRFLW,OVRFLW,OVRFLW,91547,OVRFLW,15073,15607,,,,,,
8:15:11,34,OVRFLW,OVRFLW,2683,2936,OVRFLW,OVRFLW,OVRFLW,OVRFLW,761,765,OVRFLW,OVRFLW,OVRFLW,OVRFLW,90755,OVRFLW,14910,15270,,,,,,
8:18:11,34,OVRFLW,OVRFLW,2827,3075,OVRFLW,OVRFLW,OVRFLW,OVRFLW,853,738,OVRFLW,OVRFLW,OVRFLW,OVRFLW,93772,OVRFLW,14630,15647,,,,,,
8:21:11,34,OVRFLW,OVRFLW,2757,2915,OVRFLW,OVRFLW,OVRFLW,OVRFLW,880,762,OVRFLW,OVRFLW,OVRFLW,OVRFLW,91354,OVRFLW,14604,15364,,,,,,
8:24:11,34,OVRFLW,OVRFLW,2804,3000,OVRFLW,OVRFLW,OVRFLW,OVRFLW,814,783,OVRFLW,OVRFLW,OVRFLW,OVRFLW,92674,OVRFLW,15323,15923,,,,,,
8:27:11,34,OVRFLW,OVRFLW,2778,3003,OVRFLW,OVRFLW,OVRFLW,OVRFLW,815,731,OVRFLW,OVRFLW,OVRFLW,OVRFLW,92992,OVRFLW,14925,15780,,,,,,
8:30:11,34,OVRFLW,OVRFLW,2830,2924,OVRFLW,OVRFLW,OVRFLW,OVRFLW,851,758,OVRFLW,OVRFLW,OVRFLW,OVRFLW,93118,OVRFLW,15026,15676,,,,,,
8:33:11,34,OVRFLW,OVRFLW,2796,2985,OVRFLW,OVRFLW,OVRFLW,OVRFLW,844,771,OVRFLW,OVRFLW,OVRFLW,OVRFLW,92685,OVRFLW,15335,16134,,,,,,
8:36:11,34,OVRFLW,OVRFLW,2752,3033,OVRFLW,OVRFLW,OVRFLW,OVRFLW,854,753,OVRFLW,OVRFLW,OVRFLW,OVRFLW,92242,OVRFLW,15110,16113,,,,,,
8:39:11,34,OVRFLW,OVRFLW,2872,3023,OVRFLW,OVRFLW,OVRFLW,OVRFLW,889,794,OVRFLW,OVRFLW,OVRFLW,OVRFLW,93244,OVRFLW,15303,15778,,,,,,
8:42:11,34,OVRFLW,OVRFLW,2902,3025,OVRFLW,OVRFLW,OVRFLW,OVRFLW,839,738,OVRFLW,OVRFLW,OVRFLW,OVRFLW,92485,OVRFLW,15240,15961,,,,,,
8:45:11,34,OVRFLW,OVRFLW,2839,3065,OVRFLW,OVRFLW,OVRFLW,OVRFLW,829,727,OVRFLW,OVRFLW,OVRFLW,OVRFLW,92912,OVRFLW,15465,15748,,,,,,
8:48:11,34,OVRFLW,OVRFLW,2859,3053,OVRFLW,OVRFLW,OVRFLW,OVRFLW,877,755,OVRFLW,OVRFLW,OVRFLW,OVRFLW,94084,OVRFLW,15033,16198,,,,,,
8:51:11,34,OVRFLW,OVRFLW,2851,3041,OVRFLW,OVRFLW,OVRFLW,OVRFLW,853,734,OVRFLW,OVRFLW,OVRFLW,OVRFLW,92764,OVRFLW,15686,16002,,,,,,
8:54:11,34,OVRFLW,OVRFLW,2893,3071,OVRFLW,OVRFLW,OVRFLW,OVRFLW,848,751,OVRFLW,OVRFLW,OVRFLW,OVRFLW,93731,OVRFLW,15235,16208,,,,,,
8:57:11,34,OVRFLW,OVRFLW,2885,3102,OVRFLW,OVRFLW,OVRFLW,OVRFLW,789,752,OVRFLW,OVRFLW,OVRFLW,OVRFLW,92455,OVRFLW,15444,16125,,,,,,
9:00:11,34,OVRFLW,OVRFLW,2872,3066,OVRFLW,OVRFLW,OVRFLW,OVRFLW,850,751,OVRFLW,OVRFLW,OVRFLW,OVRFLW,93645,OVRFLW,15256,16320,,,,,,
9:03:11,34,OVRFLW,OVRFLW,2856,3124,OVRFLW,OVRFLW,OVRFLW,OVRFLW,850,751,OVRFLW,OVRFLW,OVRFLW,OVRFLW,93325,OVRFLW,15344,15879,,,,,,
9:06:11,34,OVRFLW,OVRFLW,2932,3120,OVRFLW,OVRFLW,OVRFLW,OVRFLW,856,771,OVRFLW,OVRFLW,OVRFLW,OVRFLW,93057,OVRFLW,15630,16157,,,,,,
9:09:11,34,OVRFLW,OVRFLW,2909,3050,OVRFLW,OVRFLW,OVRFLW,OVRFLW,859,768,OVRFLW,OVRFLW,OVRFLW,OVRFLW,92642,OVRFLW,15627,15964,,,,,,
9:12:11,34,OVRFLW,OVRFLW,2965,3018,OVRFLW,OVRFLW,OVRFLW,OVRFLW,842,763,OVRFLW,OVRFLW,OVRFLW,OVRFLW,92925,OVRFLW,15469,16377,,,,,,
9:15:11,34,OVRFLW,OVRFLW,2916,2980,OVRFLW,OVRFLW,OVRFLW,OVRFLW,886,772,OVRFLW,OVRFLW,OVRFLW,OVRFLW,93480,OVRFLW,15883,16174,,,,,,
9:18:11,34,OVRFLW,OVRFLW,2949,3087,OVRFLW,OVRFLW,OVRFLW,OVRFLW,844,748,OVRFLW,OVRFLW,OVRFLW,OVRFLW,92929,OVRFLW,15985,16185,,,,,,
9:21:11,34,OVRFLW,OVRFLW,2954,3034,OVRFLW,OVRFLW,OVRFLW,OVRFLW,859,740,OVRFLW,OVRFLW,OVRFLW,OVRFLW,92930,OVRFLW,16058,16379,,,,,,
9:24:11,34,OVRFLW,OVRFLW,2918,3050,OVRFLW,OVRFLW,OVRFLW,OVRFLW,859,778,OVRFLW,OVRFLW,OVRFLW,OVRFLW,92964,OVRFLW,15562,16252,,,,,,
9:27:11,34,OVRFLW,OVRFLW,3054,3060,OVRFLW,OVRFLW,OVRFLW,OVRFLW,867,768,OVRFLW,OVRFLW,OVRFLW,OVRFLW,91048,OVRFLW,15727,16261,,,,,,
9:30:11,34,OVRFLW,OVRFLW,2988,3200,OVRFLW,OVRFLW,OVRFLW,OVRFLW,894,735,OVRFLW,OVRFLW,OVRFLW,OVRFLW,93660,OVRFLW,15377,16023,,,,,,
9:33:11,34,OVRFLW,OVRFLW,3045,3160,OVRFLW,OVRFLW,OVRFLW,OVRFLW,833,727,OVRFLW,OVRFLW,OVRFLW,OVRFLW,93447,OVRFLW,16105,16495,,,,,,
9:36:11,34,OVRFLW,OVRFLW,3049,3255,OVRFLW,OVRFLW,OVRFLW,OVRFLW,846,761,OVRFLW,OVRFLW,OVRFLW,OVRFLW,93779,OVRFLW,15981,16207,,,,,,
9:39:11,34,OVRFLW,OVRFLW,2944,3078,OVRFLW,OVRFLW,OVRFLW,OVRFLW,837,779,OVRFLW,OVRFLW,OVRFLW,OVRFLW,92302,OVRFLW,16024,16461,,,,,,
9:42:11,34,OVRFLW,OVRFLW,2989,3198,OVRFLW,OVRFLW,OVRFLW,OVRFLW,830,723,OVRFLW,OVRFLW,OVRFLW,OVRFLW,92151,OVRFLW,15975,16346,,,,,,
9:45:11,34,OVRFLW,OVRFLW,3010,3070,OVRFLW,OVRFLW,OVRFLW,OVRFLW,822,746,OVRFLW,OVRFLW,OVRFLW,OVRFLW,94448,OVRFLW,16124,15983,,,,,,
9:48:11,34,OVRFLW,OVRFLW,3012,3101,OVRFLW,OVRFLW,OVRFLW,OVRFLW,867,779,OVRFLW,OVRFLW,OVRFLW,OVRFLW,93002,OVRFLW,15805,16636,,,,,,
9:51:11,34,OVRFLW,OVRFLW,2998,3134,OVRFLW,OVRFLW,OVRFLW,OVRFLW,862,754,OVRFLW,OVRFLW,OVRFLW,OVRFLW,93826,OVRFLW,15894,16300,,,,,,
9:54:11,34,OVRFLW,OVRFLW,3068,3148,OVRFLW,OVRFLW,OVRFLW,OVRFLW,865,803,OVRFLW,OVRFLW,OVRFLW,OVRFLW,93262,OVRFLW,16220,16591,,,,,,
9:57:11,34,OVRFLW,OVRFLW,2928,3264,OVRFLW,OVRFLW,OVRFLW,OVRFLW,883,768,OVRFLW,OVRFLW,OVRFLW,OVRFLW,94242,OVRFLW,16313,16369,,,,,,
10:00:11,34,OVRFLW,OVRFLW,3100,3128,OVRFLW,OVRFLW,OVRFLW,OVRFLW,852,812,OVRFLW,OVRFLW,OVRFLW,OVRFLW,91839,OVRFLW,16649,16641,,,,,,
10:03:11,34,OVRFLW,OVRFLW,3078,3143,OVRFLW,OVRFLW,OVRFLW,OVRFLW,893,763,OVRFLW,OVRFLW,OVRFLW,OVRFLW,94014,OVRFLW,16372,16254,,,,,,
10:06:11,34,OVRFLW,OVRFLW,3024,3259,OVRFLW,OVRFLW,OVRFLW,OVRFLW,903,762,OVRFLW,OVRFLW,OVRFLW,OVRFLW,93101,OVRFLW,16456,16207,,,,,,
10:09:11,34,OVRFLW,OVRFLW,3167,3041,OVRFLW,OVRFLW,OVRFLW,OVRFLW,879,781,OVRFLW,OVRFLW,OVRFLW,OVRFLW,92332,OVRFLW,16240,16333,,,,,,
10:12:11,34,OVRFLW,OVRFLW,3182,3217,OVRFLW,OVRFLW,OVRFLW,OVRFLW,891,759,OVRFLW,OVRFLW,OVRFLW,OVRFLW,92862,OVRFLW,16130,16719,,,,,,
10:15:11,34,OVRFLW,OVRFLW,3052,3193,OVRFLW,OVRFLW,OVRFLW,OVRFLW,886,846,OVRFLW,OVRFLW,OVRFLW,OVRFLW,92919,OVRFLW,16555,16281,,,,,,
10:18:11,34.1,OVRFLW,OVRFLW,3171,3230,OVRFLW,OVRFLW,OVRFLW,OVRFLW,904,763,OVRFLW,OVRFLW,OVRFLW,OVRFLW,91892,OVRFLW,16517,16365,,,,,,
10:21:11,34,OVRFLW,OVRFLW,3074,3344,OVRFLW,OVRFLW,OVRFLW,OVRFLW,888,799,OVRFLW,OVRFLW,OVRFLW,OVRFLW,96742,OVRFLW,16533,16561,,,,,,
10:24:11,34.1,OVRFLW,OVRFLW,3184,3311,OVRFLW,OVRFLW,OVRFLW,OVRFLW,856,834,OVRFLW,OVRFLW,OVRFLW,OVRFLW,94326,OVRFLW,16484,16479,,,,,,
10:27:11,34,OVRFLW,OVRFLW,3119,3154,OVRFLW,OVRFLW,OVRFLW,OVRFLW,854,789,OVRFLW,OVRFLW,OVRFLW,OVRFLW,92858,OVRFLW,16777,16657,,,,,,
10:30:11,34,OVRFLW,OVRFLW,3202,3249,OVRFLW,OVRFLW,OVRFLW,OVRFLW,914,770,OVRFLW,OVRFLW,OVRFLW,OVRFLW,93509,OVRFLW,16387,16583,,,,,,
10:33:11,34,OVRFLW,OVRFLW,3083,3230,OVRFLW,OVRFLW,OVRFLW,OVRFLW,867,788,OVRFLW,OVRFLW,OVRFLW,OVRFLW,93019,OVRFLW,16743,16662,,,,,,
10:36:11,34,OVRFLW,OVRFLW,3122,3276,OVRFLW,OVRFLW,OVRFLW,OVRFLW,854,777,OVRFLW,OVRFLW,OVRFLW,OVRFLW,93238,OVRFLW,16197,16578,,,,,,
10:39:11,34,OVRFLW,OVRFLW,2984,3281,OVRFLW,OVRFLW,OVRFLW,OVRFLW,891,806,OVRFLW,OVRFLW,OVRFLW,OVRFLW,93854,OVRFLW,16861,16632,,,,,,
10:42:11,34,OVRFLW,OVRFLW,3159,3259,OVRFLW,OVRFLW,OVRFLW,OVRFLW,907,789,OVRFLW,OVRFLW,OVRFLW,OVRFLW,94491,OVRFLW,16664,16576,,,,,,
10:45:11,34,OVRFLW,OVRFLW,3144,3287,OVRFLW,OVRFLW,OVRFLW,OVRFLW,902,804,OVRFLW,OVRFLW,OVRFLW,OVRFLW,93809,OVRFLW,16774,17160,,,,,,
10:48:11,34,OVRFLW,OVRFLW,3182,3296,OVRFLW,OVRFLW,OVRFLW,OVRFLW,883,751,OVRFLW,OVRFLW,OVRFLW,OVRFLW,95659,OVRFLW,16420,16581,,,,,,
10:51:11,34,OVRFLW,OVRFLW,3199,3402,OVRFLW,OVRFLW,OVRFLW,OVRFLW,875,802,OVRFLW,OVRFLW,OVRFLW,OVRFLW,92601,OVRFLW,16817,16712,,,,,,
10:54:11,34,OVRFLW,OVRFLW,3100,3200,OVRFLW,OVRFLW,OVRFLW,OVRFLW,898,801,OVRFLW,OVRFLW,OVRFLW,OVRFLW,92690,OVRFLW,16737,16519,,,,,,
10:57:11,34,OVRFLW,OVRFLW,3162,3334,OVRFLW,OVRFLW,OVRFLW,OVRFLW,868,797,OVRFLW,OVRFLW,OVRFLW,OVRFLW,92887,OVRFLW,16641,16517,,,,,,
11:00:11,34,OVRFLW,OVRFLW,3242,3383,OVRFLW,OVRFLW,OVRFLW,OVRFLW,918,751,OVRFLW,OVRFLW,OVRFLW,OVRFLW,94314,OVRFLW,16866,16422,,,,,,
11:03:11,34,OVRFLW,OVRFLW,3207,3412,OVRFLW,OVRFLW,OVRFLW,OVRFLW,880,789,OVRFLW,OVRFLW,OVRFLW,OVRFLW,93299,OVRFLW,16822,16887,,,,,,
11:06:11,34,OVRFLW,OVRFLW,3247,3397,OVRFLW,OVRFLW,OVRFLW,OVRFLW,918,825,OVRFLW,OVRFLW,OVRFLW,OVRFLW,91672,OVRFLW,16781,16688,,,,,,
11:09:11,34,OVRFLW,OVRFLW,3221,3368,OVRFLW,OVRFLW,OVRFLW,OVRFLW,858,797,OVRFLW,OVRFLW,OVRFLW,OVRFLW,92993,OVRFLW,17018,16715,,,,,,
11:12:11,34,OVRFLW,OVRFLW,3169,3395,OVRFLW,OVRFLW,OVRFLW,OVRFLW,941,752,OVRFLW,OVRFLW,OVRFLW,OVRFLW,93065,OVRFLW,16903,16696,,,,,,
11:15:11,34,OVRFLW,OVRFLW,3182,3367,OVRFLW,OVRFLW,OVRFLW,OVRFLW,866,771,OVRFLW,OVRFLW,OVRFLW,OVRFLW,94699,OVRFLW,16526,16553,,,,,,
11:18:11,34,OVRFLW,OVRFLW,3276,3329,OVRFLW,OVRFLW,OVRFLW,OVRFLW,902,852,OVRFLW,OVRFLW,OVRFLW,OVRFLW,92568,OVRFLW,16866,16598,,,,,,
11:21:11,34,OVRFLW,OVRFLW,3260,3322,OVRFLW,OVRFLW,OVRFLW,OVRFLW,883,784,OVRFLW,OVRFLW,OVRFLW,OVRFLW,93777,OVRFLW,16902,16535,,,,,,
11:24:11,34,OVRFLW,OVRFLW,3304,3342,OVRFLW,OVRFLW,OVRFLW,OVRFLW,902,789,OVRFLW,OVRFLW,OVRFLW,OVRFLW,92740,OVRFLW,17089,16501,,,,,,
11:27:11,34,OVRFLW,OVRFLW,3318,3253,OVRFLW,OVRFLW,OVRFLW,OVRFLW,892,761,OVRFLW,OVRFLW,OVRFLW,OVRFLW,94304,OVRFLW,16972,16843,,,,,,
11:30:11,34,OVRFLW,OVRFLW,3130,3395,OVRFLW,OVRFLW,OVRFLW,OVRFLW,920,857,OVRFLW,OVRFLW,OVRFLW,OVRFLW,95351,OVRFLW,17255,16312,,,,,,
11:33:11,34,OVRFLW,OVRFLW,3215,3420,OVRFLW,OVRFLW,OVRFLW,OVRFLW,886,767,OVRFLW,OVRFLW,OVRFLW,OVRFLW,94433,OVRFLW,17025,16888,,,,,,
11:36:11,34,OVRFLW,OVRFLW,3332,3383,OVRFLW,OVRFLW,OVRFLW,OVRFLW,938,806,OVRFLW,OVRFLW,OVRFLW,OVRFLW,93951,OVRFLW,16999,16592,,,,,,
11:39:11,34,OVRFLW,OVRFLW,3345,3398,OVRFLW,OVRFLW,OVRFLW,OVRFLW,1003,797,OVRFLW,OVRFLW,OVRFLW,OVRFLW,93440,OVRFLW,16915,16882,,,,,,
11:42:11,34,OVRFLW,OVRFLW,3181,3407,OVRFLW,OVRFLW,OVRFLW,OVRFLW,902,830,OVRFLW,OVRFLW,OVRFLW,OVRFLW,93831,OVRFLW,16707,16769,,,,,,
11:45:11,34,OVRFLW,OVRFLW,3321,3458,OVRFLW,OVRFLW,OVRFLW,OVRFLW,901,796,OVRFLW,OVRFLW,OVRFLW,OVRFLW,94063,OVRFLW,16765,16596,,,,,,
11:48:11,34,OVRFLW,OVRFLW,3216,3492,OVRFLW,OVRFLW,OVRFLW,OVRFLW,967,797,OVRFLW,OVRFLW,OVRFLW,OVRFLW,94085,OVRFLW,17212,16550,,,,,,
11:51:11,34,OVRFLW,OVRFLW,3403,3363,OVRFLW,OVRFLW,OVRFLW,OVRFLW,914,750,OVRFLW,OVRFLW,OVRFLW,OVRFLW,94874,OVRFLW,17220,16695,,,,,,
11:54:11,34,OVRFLW,OVRFLW,3324,3487,OVRFLW,OVRFLW,OVRFLW,OVRFLW,931,756,OVRFLW,OVRFLW,OVRFLW,OVRFLW,93944,OVRFLW,17442,16621,,,,,,
11:57:11,34,OVRFLW,OVRFLW,3285,3433,OVRFLW,OVRFLW,OVRFLW,OVRFLW,861,794,OVRFLW,OVRFLW,OVRFLW,OVRFLW,93381,OVRFLW,17356,16808,,,,,,
12:00:11,34,OVRFLW,OVRFLW,3448,3488,OVRFLW,OVRFLW,OVRFLW,OVRFLW,964,812,OVRFLW,OVRFLW,OVRFLW,OVRFLW,93747,OVRFLW,17388,16965,,,,,,
12:03:11,34,OVRFLW,OVRFLW,3395,3446,OVRFLW,OVRFLW,OVRFLW,OVRFLW,876,804,OVRFLW,OVRFLW,OVRFLW,OVRFLW,93361,OVRFLW,17167,16757,,,,,,
12:06:11,34,OVRFLW,OVRFLW,3347,3392,OVRFLW,OVRFLW,OVRFLW,OVRFLW,935,788,OVRFLW,OVRFLW,OVRFLW,OVRFLW,92099,OVRFLW,16897,16962,,,,,,
12:09:11,34,OVRFLW,OVRFLW,3339,3464,OVRFLW,OVRFLW,OVRFLW,OVRFLW,929,796,OVRFLW,OVRFLW,OVRFLW,OVRFLW,93592,OVRFLW,17292,17112,,,,,,
12:12:11,34,OVRFLW,OVRFLW,3355,3566,OVRFLW,OVRFLW,OVRFLW,OVRFLW,881,842,OVRFLW,OVRFLW,OVRFLW,OVRFLW,95068,OVRFLW,16895,16433,,,,,,
12:15:11,34,OVRFLW,OVRFLW,3307,3442,OVRFLW,OVRFLW,OVRFLW,OVRFLW,916,816,OVRFLW,OVRFLW,OVRFLW,OVRFLW,94828,OVRFLW,17180,16863,,,,,,
12:18:11,34,OVRFLW,OVRFLW,3378,3438,OVRFLW,OVRFLW,OVRFLW,OVRFLW,870,783,OVRFLW,OVRFLW,OVRFLW,OVRFLW,92772,OVRFLW,16994,16688,,,,,,
12:21:11,34,OVRFLW,OVRFLW,3297,3418,OVRFLW,OVRFLW,OVRFLW,OVRFLW,927,834,OVRFLW,OVRFLW,OVRFLW,OVRFLW,94082,OVRFLW,17335,16610,,,,,,
12:24:11,34,OVRFLW,OVRFLW,3381,3471,OVRFLW,OVRFLW,OVRFLW,OVRFLW,900,791,OVRFLW,OVRFLW,OVRFLW,OVRFLW,94181,OVRFLW,17454,16844,,,,,,
12:27:11,34,OVRFLW,OVRFLW,3393,3492,OVRFLW,OVRFLW,OVRFLW,OVRFLW,917,794,OVRFLW,OVRFLW,OVRFLW,OVRFLW,94973,OVRFLW,17255,17061,,,,,,
12:30:11,34,OVRFLW,OVRFLW,3382,3507,OVRFLW,OVRFLW,OVRFLW,OVRFLW,877,816,OVRFLW,OVRFLW,OVRFLW,OVRFLW,92871,OVRFLW,17358,17114,,,,,,
0:00:00,,,,,,,,,,,,,,,,,,,,,,,,,
0:00:00,,,,,,,,,,,,,,,,,,,,,,,,,
0:00:00,,,,,,,,,,,,,,,,,,,,,,,,,
0:00:00,,,,,,,,,,,,,,,,,,,,,,,,,
0:00:00,,,,,,,,,,,,,,,,,,,,,,,,,
0:00:00,,,,,,,,,,,,,,,,,,,,,,,,,
0:00:00,,,,,,,,,,,,,,,,,,,,,,,,,
0:00:00,,,,,,,,,,,,,,,,,,,,,,,,,
0:00:00,,,,,,,,,,,,,,,,,,,,,,,,,
0:00:00,,,,,,,,,,,,,,,,,,,,,,,,,
0:00:00,,,,,,,,,,,,,,,,,,,,,,,,,
0:00:00,,,,,,,,,,,,,,,,,,,,,,,,,
0:00:00,,,,,,,,,,,,,,,,,,,,,,,,,
0:00:00,,,,,,,,,,,,,,,,,,,,,,,,,
0:00:00,,,,,,,,,,,,,,,,,,,,,,,,,
0:00:00,,,,,,,,,,,,,,,,,,,,,,,,,
0:00:00,,,,,,,,,,,,,,,,,,,,,,,,,
0:00:00,,,,,,,,,,,,,,,,,,,,,,,,,
0:00:00,,,,,,,,,,,,,,,,,,,,,,,,,
0:00:00,,,,,,,,,,,,,,,,,,,,,,,,,
0:00:00,,,,,,,,,,,,,,,,,,,,,,,,,
0:00:00,,,,,,,,,,,,,,,,,,,,,,,,,
0:00:00,,,,,,,,,,,,,,,,,,,,,,,,,
0:00:00,,,,,,,,,,,,,,,,,,,,,,,,,
0:00:00,,,,,,,,,,,,,,,,,,,,,,,,,
0:00:00,,,,,,,,,,,,,,,,,,,,,,,,,
0:00:00,,,,,,,,,,,,,,,,,,,,,,,,,
0:00:00,,,,,,,,,,,,,,,,,,,,,,,,,
0:00:00,,,,,,,,,,,,,,,,,,,,,,,,,
0:00:00,,,,,,,,,,,,,,,,,,,,,,,,,
0:00:00,,,,,,,,,,,,,,,,,,,,,,,,,
0:00:00,,,,,,,,,,,,,,,,,,,,,,,,,
0:00:00,,,,,,,,,,,,,,,,,,,,,,,,,
0:00:00,,,,,,,,,,,,,,,,,,,,,,,,,
0:00:00,,,,,,,,,,,,,,,,,,,,,,,,,
0:00:00,,,,,,,,,,,,,,,,,,,,,,,,,
0:00:00,,,,,,,,,,,,,,,,,,,,,,,,,
0:00:00,,,,,,,,,,,,,,,,,,,,,,,,,
0:00:00,,,,,,,,,,,,,,,,,,,,,,,,,
0:00:00,,,,,,,,,,,,,,,,,,,,,,,,,
0:00:00,,,,,,,,,,,,,,,,,,,,,,,,,
0:00:00,,,,,,,,,,,,,,,,,,,,,,,,,
0:00:00,,,,,,,,,,,,,,,,,,,,,,,,,
0:00:00,,,,,,,,,,,,,,,,,,,,,,,,,
0:00:00,,,,,,,,,,,,,,,,,,,,,,,,,
0:00:00,,,,,,,,,,,,,,,,,,,,,,,,,
0:00:00,,,,,,,,,,,,,,,,,,,,,,,,,
0:00:00,,,,,,,,,,,,,,,,,,,,,,,,,
0:00:00,,,,,,,,,,,,,,,,,,,,,,,,,
0:00:00,,,,,,,,,,,,,,,,,,,,,,,,,
0:00:00,,,,,,,,,,,,,,,,,,,,,,,,,
0:00:00,,,,,,,,,,,,,,,,,,,,,,,,,
0:00:00,,,,,,,,,,,,,,,,,,,,,,,,,
0:00:00,,,,,,,,,,,,,,,,,,,,,,,,,
0:00:00,,,,,,,,,,,,,,,,,,,,,,,,,
0:00:00,,,,,,,,,,,,,,,,,,,,,,,,,
0:00:00,,,,,,,,,,,,,,,,,,,,,,,,,
0:00:00,,,,,,,,,,,,,,,,,,,,,,,,,
0:00:00,,,,,,,,,,,,,,,,,,,,,,,,,
0:00:00,,,,,,,,,,,,,,,,,,,,,,,,,
0:00:00,,,,,,,,,,,,,,,,,,,,,,,,,
0:00:00,,,,,,,,,,,,,,,,,,,,,,,,,
0:00:00,,,,,,,,,,,,,,,,,,,,,,,,,
0:00:00,,,,,,,,,,,,,,,,,,,,,,,,,
0:00:00,,,,,,,,,,,,,,,,,,,,,,,,,
0:00:00,,,,,,,,,,,,,,,,,,,,,,,,,
0:00:00,,,,,,,,,,,,,,,,,,,,,,,,,
0:00:00,,,,,,,,,,,,,,,,,,,,,,,,,
0:00:00,,,,,,,,,,,,,,,,,,,,,,,,,
0:00:00,,,,,,,,,,,,,,,,,,,,,,,,,
0:00:00,,,,,,,,,,,,,,,,,,,,,,,,,
0:00:00,,,,,,,,,,,,,,,,,,,,,,,,,
0:00:00,,,,,,,,,,,,,,,,,,,,,,,,,
0:00:00,,,,,,,,,,,,,,,,,,,,,,,,,
0:00:00,,,,,,,,,,,,,,,,,,,,,,,,,
0:00:00,,,,,,,,,,,,,,,,,,,,,,,,,
0:00:00,,,,,,,,,,,,,,,,,,,,,,,,,
0:00:00,,,,,,,,,,,,,,,,,,,,,,,,,
0:00:00,,,,,,,,,,,,,,,,,,,,,,,,,
0:00:00,,,,,,,,,,,,,,,,,,,,,,,,,
0:00:00,,,,,,,,,,,,,,,,,,,,,,,,,
0:00:00,,,,,,,,,,,,,,,,,,,,,,,,,
0:00:00,,,,,,,,,,,,,,,,,,,,,,,,,
0:00:00,,,,,,,,,,,,,,,,,,,,,,,,,
0:00:00,,,,,,,,,,,,,,,,,,,,,,,,,
0:00:00,,,,,,,,,,,,,,,,,,,,,,,,,
0:00:00,,,,,,,,,,,,,,,,,,,,,,,,,
0:00:00,,,,,,,,,,,,,,,,,,,,,,,,,
0:00:00,,,,,,,,,,,,,,,,,,,,,,,,,
0:00:00,,,,,,,,,,,,,,,,,,,,,,,,,
0:00:00,,,,,,,,,,,,,,,,,,,,,,,,,
0:00:00,,,,,,,,,,,,,,,,,,,,,,,,,
0:00:00,,,,,,,,,,,,,,,,,,,,,,,,,
0:00:00,,,,,,,,,,,,,,,,,,,,,,,,,
0:00:00,,,,,,,,,,,,,,,,,,,,,,,,,
0:00:00,,,,,,,,,,,,,,,,,,,,,,,,,
0:00:00,,,,,,,,,,,,,,,,,,,,,,,,,
0:00:00,,,,,,,,,,,,,,,,,,,,,,,,,
0:00:00,,,,,,,,,,,,,,,,,,,,,,,,,
0:00:00,,,,,,,,,,,,,,,,,,,,,,,,,
0:00:00,,,,,,,,,,,,,,,,,,,,,,,,,
0:00:00,,,,,,,,,,,,,,,,,,,,,,,,,
0:00:00,,,,,,,,,,,,,,,,,,,,,,,,,
0:00:00,,,,,,,,,,,,,,,,,,,,,,,,,
0:00:00,,,,,,,,,,,,,,,,,,,,,,,,,
0:00:00,,,,,,,,,,,,,,,,,,,,,,,,,
0:00:00,,,,,,,,,,,,,,,,,,,,,,,,,
0:00:00,,,,,,,,,,,,,,,,,,,,,,,,,
0:00:00,,,,,,,,,,,,,,,,,,,,,,,,,
0:00:00,,,,,,,,,,,,,,,,,,,,,,,,,
0:00:00,,,,,,,,,,,,,,,,,,,,,,,,,
0:00:00,,,,,,,,,,,,,,,,,,,,,,,,,
0:00:00,,,,,,,,,,,,,,,,,,,,,,,,,
0:00:00,,,,,,,,,,,,,,,,,,,,,,,,,
0:00:00,,,,,,,,,,,,,,,,,,,,,,,,,
0:00:00,,,,,,,,,,,,,,,,,,,,,,,,,
0:00:00,,,,,,,,,,,,,,,,,,,,,,,,,
0:00:00,,,,,,,,,,,,,,,,,,,,,,,,,
0:00:00,,,,,,,,,,,,,,,,,,,,,,,,,
0:00:00,,,,,,,,,,,,,,,,,,,,,,,,,
0:00:00,,,,,,,,,,,,,,,,,,,,,,,,,
0:00:00,,,,,,,,,,,,,,,,,,,,,,,,,
0:00:00,,,,,,,,,,,,,,,,,,,,,,,,,
0:00:00,,,,,,,,,,,,,,,,,,,,,,,,,
0:00:00,,,,,,,,,,,,,,,,,,,,,,,,,
0:00:00,,,,,,,,,,,,,,,,,,,,,,,,,
0:00:00,,,,,,,,,,,,,,,,,,,,,,,,,
0:00:00,,,,,,,,,,,,,,,,,,,,,,,,,
0:00:00,,,,,,,,,,,,,,,,,,,,,,,,,
0:00:00,,,,,,,,,,,,,,,,,,,,,,,,,
0:00:00,,,,,,,,,,,,,,,,,,,,,,,,,
0:00:00,,,,,,,,,,,,,,,,,,,,,,,,,
0:00:00,,,,,,,,,,,,,,,,,,,,,,,,,
0:00:00,,,,,,,,,,,,,,,,,,,,,,,,,
0:00:00,,,,,,,,,,,,,,,,,,,,,,,,,
0:00:00,,,,,,,,,,,,,,,,,,,,,,,,,
0:00:00,,,,,,,,,,,,,,,,,,,,,,,,,
0:00:00,,,,,,,,,,,,,,,,,,,,,,,,,
0:00:00,,,,,,,,,,,,,,,,,,,,,,,,,
0:00:00,,,,,,,,,,,,,,,,,,,,,,,,,
0:00:00,,,,,,,,,,,,,,,,,,,,,,,,,
0:00:00,,,,,,,,,,,,,,,,,,,,,,,,,
0:00:00,,,,,,,,,,,,,,,,,,,,,,,,,
0:00:00,,,,,,,,,,,,,,,,,,,,,,,,,
0:00:00,,,,,,,,,,,,,,,,,,,,,,,,,
0:00:00,,,,,,,,,,,,,,,,,,,,,,,,,
0:00:00,,,,,,,,,,,,,,,,,,,,,,,,,
0:00:00,,,,,,,,,,,,,,,,,,,,,,,,,
0:00:00,,,,,,,,,,,,,,,,,,,,,,,,,
0:00:00,,,,,,,,,,,,,,,,,,,,,,,,,
0:00:00,,,,,,,,,,,,,,,,,,,,,,,,,
0:00:00,,,,,,,,,,,,,,,,,,,,,,,,,
0:00:00,,,,,,,,,,,,,,,,,,,,,,,,,
0:00:00,,,,,,,,,,,,,,,,,,,,,,,,,
0:00:00,,,,,,,,,,,,,,,,,,,,,,,,,
0:00:00,,,,,,,,,,,,,,,,,,,,,,,,,
0:00:00,,,,,,,,,,,,,,,,,,,,,,,,,
0:00:00,,,,,,,,,,,,,,,,,,,,,,,,,
0:00:00,,,,,,,,,,,,,,,,,,,,,,,,,
0:00:00,,,,,,,,,,,,,,,,,,,,,,,,,
0:00:00,,,,,,,,,,,,,,,,,,,,,,,,,
0:00:00,,,,,,,,,,,,,,,,,,,,,,,,,
0:00:00,,,,,,,,,,,,,,,,,,,,,,,,,
0:00:00,,,,,,,,,,,,,,,,,,,,,,,,,
0:00:00,,,,,,,,,,,,,,,,,,,,,,,,,
0:00:00,,,,,,,,,,,,,,,,,,,,,,,,,
0:00:00,,,,,,,,,,,,,,,,,,,,,,,,,
0:00:00,,,,,,,,,,,,,,,,,,,,,,,,,
0:00:00,,,,,,,,,,,,,,,,,,,,,,,,,
0:00:00,,,,,,,,,,,,,,,,,,,,,,,,,
0:00:00,,,,,,,,,,,,,,,,,,,,,,,,,
0:00:00,,,,,,,,,,,,,,,,,,,,,,,,,
0:00:00,,,,,,,,,,,,,,,,,,,,,,,,,
0:00:00,,,,,,,,,,,,,,,,,,,,,,,,,
0:00:00,,,,,,,,,,,,,,,,,,,,,,,,,
0:00:00,,,,,,,,,,,,,,,,,,,,,,,,,
0:00:00,,,,,,,,,,,,,,,,,,,,,,,,,
0:00:00,,,,,,,,,,,,,,,,,,,,,,,,,
0:00:00,,,,,,,,,,,,,,,,,,,,,,,,,
0:00:00,,,,,,,,,,,,,,,,,,,,,,,,,
0:00:00,,,,,,,,,,,,,,,,,,,,,,,,,
0:00:00,,,,,,,,,,,,,,,,,,,,,,,,,
0:00:00,,,,,,,,,,,,,,,,,,,,,,,,,
0:00:00,,,,,,,,,,,,,,,,,,,,,,,,,
0:00:00,,,,,,,,,,,,,,,,,,,,,,,,,
0:00:00,,,,,,,,,,,,,,,,,,,,,,,,,
0:00:00,,,,,,,,,,,,,,,,,,,,,,,,,
0:00:00,,,,,,,,,,,,,,,,,,,,,,,,,
0:00:00,,,,,,,,,,,,,,,,,,,,,,,,,
0:00:00,,,,,,,,,,,,,,,,,,,,,,,,,
0:00:00,,,,,,,,,,,,,,,,,,,,,,,,,
0:00:00,,,,,,,,,,,,,,,,,,,,,,,,,
0:00:00,,,,,,,,,,,,,,,,,,,,,,,,,
0:00:00,,,,,,,,,,,,,,,,,,,,,,,,,
0:00:00,,,,,,,,,,,,,,,,,,,,,,,,,
0:00:00,,,,,,,,,,,,,,,,,,,,,,,,,
0:00:00,,,,,,,,,,,,,,,,,,,,,,,,,
0:00:00,,,,,,,,,,,,,,,,,,,,,,,,,
0:00:00,,,,,,,,,,,,,,,,,,,,,,,,,
0:00:00,,,,,,,,,,,,,,,,,,,,,,,,,
0:00:00,,,,,,,,,,,,,,,,,,,,,,,,,
0:00:00,,,,,,,,,,,,,,,,,,,,,,,,,
0:00:00,,,,,,,,,,,,,,,,,,,,,,,,,
0:00:00,,,,,,,,,,,,,,,,,,,,,,,,,
0:00:00,,,,,,,,,,,,,,,,,,,,,,,,,
0:00:00,,,,,,,,,,,,,,,,,,,,,,,,,
0:00:00,,,,,,,,,,,,,,,,,,,,,,,,,
0:00:00,,,,,,,,,,,,,,,,,,,,,,,,,
0:00:00,,,,,,,,,,,,,,,,,,,,,,,,,
0:00:00,,,,,,,,,,,,,,,,,,,,,,,,,
0:00:00,,,,,,,,,,,,,,,,,,,,,,,,,
0:00:00,,,,,,,,,,,,,,,,,,,,,,,,,
0:00:00,,,,,,,,,,,,,,,,,,,,,,,,,
0:00:00,,,,,,,,,,,,,,,,,,,,,,,,,
0:00:00,,,,,,,,,,,,,,,,,,,,,,,,,
0:00:00,,,,,,,,,,,,,,,,,,,,,,,,,
0:00:00,,,,,,,,,,,,,,,,,,,,,,,,,
0:00:00,,,,,,,,,,,,,,,,,,,,,,,,,
0:00:00,,,,,,,,,,,,,,,,,,,,,,,,,
0:00:00,,,,,,,,,,,,,,,,,,,,,,,,,
0:00:00,,,,,,,,,,,,,,,,,,,,,,,,,
0:00:00,,,,,,,,,,,,,,,,,,,,,,,,,
0:00:00,,,,,,,,,,,,,,,,,,,,,,,,,
0:00:00,,,,,,,,,,,,,,,,,,,,,,,,,
0:00:00,,,,,,,,,,,,,,,,,,,,,,,,,
0:00:00,,,,,,,,,,,,,,,,,,,,,,,,,
0:00:00,,,,,,,,,,,,,,,,,,,,,,,,,
0:00:00,,,,,,,,,,,,,,,,,,,,,,,,,
0:00:00,,,,,,,,,,,,,,,,,,,,,,,,,
0:00:00,,,,,,,,,,,,,,,,,,,,,,,,,
,,,,,,,,,,,,,,,,,,,,,,,,,
Results,,,,,,,,,,,,,,,,,,,,,,,,,
,1,2,3,4,5,6,7,8,9,10,11,12,13,14,15,16,17,18,19,20,21,22,23,24,
A,67666.667,66333.333,,,,,,,,,,,,,,,,,,,,,,,"Max V [gfp:485,515]"
,1,1,,,,,,,,,,,,,,,,,,,,,,,"R-Squared [gfp:485,515]"
,4:43:30,12:16:30,,,,,,,,,,,,,,,,,,,,,,,"t at Max V [gfp:485,515]"
,3:53:17,11:15:09,,,,,,,,,,,,,,,,,,,,,,,"Lagtime [gfp:485,515]"
,1063000,1272333.333,,,,,,,,,,,,,,,,,,,,,,,"Max V [gfp:485,515[2]]"
,1,1,,,,,,,,,,,,,,,,,,,,,,,"R-Squared [gfp:485,515[2]]"
,2:31:41,3:01:41,,,,,,,,,,,,,,,,,,,,,,,"t at Max V [gfp:485,515[2]]"
,1:25:20,1:55:22,,,,,,,,,,,,,,,,,,,,,,,"Lagtime [gfp:485,515[2]]"
B,-9000,8666.667,,,,,,,,,,,,,,,,,,,,,,,"Max V [gfp:485,515]"
,1,1,,,,,,,,,,,,,,,,,,,,,,,"R-Squared [gfp:485,515]"
,0:10:30,7:16:30,,,,,,,,,,,,,,,,,,,,,,,"t at Max V [gfp:485,515]"
,0:07:20,7:14:46,,,,,,,,,,,,,,,,,,,,,,,"Lagtime [gfp:485,515]"
,-271333.333,-333666.667,,,,,,,,,,,,,,,,,,,,,,,"Max V [gfp:485,515[2]]"
,1,1,,,,,,,,,,,,,,,,,,,,,,,"R-Squared [gfp:485,515[2]]"
,0:10:41,0:10:41,,,,,,,,,,,,,,,,,,,,,,,"t at Max V [gfp:485,515[2]]"
,0:07:24,0:07:14,,,,,,,,,,,,,,,,,,,,,,,"Lagtime [gfp:485,515[2]]"
C,51333.333,-46333.333,,,,,,,,,,,,,,,,,,,,,,,"Max V [gfp:485,515]"
,1,1,,,,,,,,,,,,,,,,,,,,,,,"R-Squared [gfp:485,515]"
,12:10:30,9:37:30,,,,,,,,,,,,,,,,,,,,,,,"t at Max V [gfp:485,515]"
,11:06:18,10:56:39,,,,,,,,,,,,,,,,,,,,,,,"Lagtime [gfp:485,515]"
,1081333.333,1225000,,,,,,,,,,,,,,,,,,,,,,,"Max V [gfp:485,515[2]]"
,1,1,,,,,,,,,,,,,,,,,,,,,,,"R-Squared [gfp:485,515[2]]"
,4:22:41,3:19:41,,,,,,,,,,,,,,,,,,,,,,,"t at Max V [gfp:485,515[2]]"
,2:54:19,2:06:37,,,,,,,,,,,,,,,,,,,,,,,"Lagtime [gfp:485,515[2]]"
D,-58000,50000,,,,,,,,,,,,,,,,,,,,,,,"Max V [gfp:485,515]"
,1,1,,,,,,,,,,,,,,,,,,,,,,,"R-Squared [gfp:485,515]"
,10:52:30,3:58:30,,,,,,,,,,,,,,,,,,,,,,,"t at Max V [gfp:485,515]"
,12:05:47,3:02:08,,,,,,,,,,,,,,,,,,,,,,,"Lagtime [gfp:485,515]"
,1064666.667,1036666.667,,,,,,,,,,,,,,,,,,,,,,,"Max V [gfp:485,515[2]]"
,1,1,,,,,,,,,,,,,,,,,,,,,,,"R-Squared [gfp:485,515[2]]"
,2:46:41,2:40:41,,,,,,,,,,,,,,,,,,,,,,,"t at Max V [gfp:485,515[2]]"
,1:21:52,1:28:05,,,,,,,,,,,,,,,,,,,,,,,"Lagtime [gfp:485,515[2]]"
E,-8000,6333.333,,,,,,,,,,,,,,,,,,,,,,,"Max V [gfp:485,515]"
,1,1,,,,,,,,,,,,,,,,,,,,,,,"R-Squared [gfp:485,515]"
,8:13:30,1:58:30,,,,,,,,,,,,,,,,,,,,,,,"t at Max V [gfp:485,515]"
,8:06:08,2:05:32,,,,,,,,,,,,,,,,,,,,,,,"Lagtime [gfp:485,515]"
,-73666.667,-63333.333,,,,,,,,,,,,,,,,,,,,,,,"Max V [gfp:485,515[2]]"
,1,1,,,,,,,,,,,,,,,,,,,,,,,"R-Squared [gfp:485,515[2]]"
,0:25:41,0:04:41,,,,,,,,,,,,,,,,,,,,,,,"t at Max V [gfp:485,515[2]]"
,0:16:22,0:02:11,,,,,,,,,,,,,,,,,,,,,,,"Lagtime [gfp:485,515[2]]"
F,-42333.333,49333.333,,,,,,,,,,,,,,,,,,,,,,,"Max V [gfp:485,515]"
,1,1,,,,,,,,,,,,,,,,,,,,,,,"R-Squared [gfp:485,515]"
,11:34:30,10:55:30,,,,,,,,,,,,,,,,,,,,,,,"t at Max V [gfp:485,515]"
,?????,9:41:51,,,,,,,,,,,,,,,,,,,,,,,"Lagtime [gfp:485,515]"
,929666.667,-930333.333,,,,,,,,,,,,,,,,,,,,,,,"Max V [gfp:485,515[2]]"
,1,1,,,,,,,,,,,,,,,,,,,,,,,"R-Squared [gfp:485,515[2]]"
,5:34:41,4:49:41,,,,,,,,,,,,,,,,,,,,,,,"t at Max V [gfp:485,515[2]]"
,4:01:57,6:30:56,,,,,,,,,,,,,,,,,,,,,,,"Lagtime [gfp:485,515[2]]"
G,76666.667,81000,,,,,,,,,,,,,,,,,,,,,,,"Max V [gfp:485,515]"
,1,1,,,,,,,,,,,,,,,,,,,,,,,"R-Squared [gfp:485,515]"
,9:01:30,8:37:30,,,,,,,,,,,,,,,,,,,,,,,"t at Max V [gfp:485,515]"
,7:34:45,7:18:21,,,,,,,,,,,,,,,,,,,,,,,"Lagtime [gfp:485,515]"
,1273666.667,2271333.333,,,,,,,,,,,,,,,,,,,,,,,"Max V [gfp:485,515[2]]"
,1,1,,,,,,,,,,,,,,,,,,,,,,,"R-Squared [gfp:485,515[2]]"
,1:40:41,1:52:41,,,,,,,,,,,,,,,,,,,,,,,"t at Max V [gfp:485,515[2]]"
,0:34:00,1:11:54,,,,,,,,,,,,,,,,,,,,,,,"Lagtime [gfp:485,515[2]]"
H,37333.333,-38333.333,,,,,,,,,,,,,,,,,,,,,,,"Max V [gfp:485,515]"
,1,1,,,,,,,,,,,,,,,,,,,,,,,"R-Squared [gfp:485,515]"
,7:19:30,8:13:30,,,,,,,,,,,,,,,,,,,,,,,"t at Max V [gfp:485,515]"
,6:14:15,9:28:39,,,,,,,,,,,,,,,,,,,,,,,"Lagtime [gfp:485,515]"
,1616666.667,1170000,,,,,,,,,,,,,,,,,,,,,,,"Max V [gfp:485,515[2]]"
,1,1,,,,,,,,,,,,,,,,,,,,,,,"R-Squared [gfp:485,515[2]]"
,10:19:41,5:22:41,,,,,,,,,,,,,,,,,,,,,,,"t at Max V [gfp:485,515[2]]"
,9:23:01,4:04:28,,,,,,,,,,,,,,,,,,,,,,,"Lagtime [gfp:485,515[2]]"
I,8666.667,10000,,,,,,,,,,,,,,,,,,,,,,,"Max V [gfp:485,515]"
,1,1,,,,,,,,,,,,,,,,,,,,,,,"R-Squared [gfp:485,515]"
,5:01:30,6:04:30,,,,,,,,,,,,,,,,,,,,,,,"t at Max V [gfp:485,515]"
,4:38:39,5:31:18,,,,,,,,,,,,,,,,,,,,,,,"Lagtime [gfp:485,515]"
,242666.667,240000,,,,,,,,,,,,,,,,,,,,,,,"Max V [gfp:485,515[2]]"
,1,1,,,,,,,,,,,,,,,,,,,,,,,"R-Squared [gfp:485,515[2]]"
,9:31:41,6:04:41,,,,,,,,,,,,,,,,,,,,,,,"t at Max V [gfp:485,515[2]]"
,8:34:31,5:14:42,,,,,,,,,,,,,,,,,,,,,,,"Lagtime [gfp:485,515[2]]"
J,,,,,,,,,,,,,,,,,,,,,,,,,"Max V [gfp:485,515]"
,,,,,,,,,,,,,,,,,,,,,,,,,"R-Squared [gfp:485,515]"
,,,,,,,,,,,,,,,,,,,,,,,,,"t at Max V [gfp:485,515]"
,,,,,,,,,,,,,,,,,,,,,,,,,"Lagtime [gfp:485,515]"
,,,,,,,,,,,,,,,,,,,,,,,,,"Max V [gfp:485,515[2]]"
,,,,,,,,,,,,,,,,,,,,,,,,,"R-Squared [gfp:485,515[2]]"
,,,,,,,,,,,,,,,,,,,,,,,,,"t at Max V [gfp:485,515[2]]"
,,,,,,,,,,,,,,,,,,,,,,,,,"Lagtime [gfp:485,515[2]]"
K,,,,,,,,,,,,,,,,,,,,,,,,,"Max V [gfp:485,515]"
,,,,,,,,,,,,,,,,,,,,,,,,,"R-Squared [gfp:485,515]"
,,,,,,,,,,,,,,,,,,,,,,,,,"t at Max V [gfp:485,515]"
,,,,,,,,,,,,,,,,,,,,,,,,,"Lagtime [gfp:485,515]"
,,,,,,,,,,,,,,,,,,,,,,,,,"Max V [gfp:485,515[2]]"
,,,,,,,,,,,,,,,,,,,,,,,,,"R-Squared [gfp:485,515[2]]"
,,,,,,,,,,,,,,,,,,,,,,,,,"t at Max V [gfp:485,515[2]]"
,,,,,,,,,,,,,,,,,,,,,,,,,"Lagtime [gfp:485,515[2]]"
L,,,,,,,,,,,,,,,,,,,,,,,,,"Max V [gfp:485,515]"
,,,,,,,,,,,,,,,,,,,,,,,,,"R-Squared [gfp:485,515]"
,,,,,,,,,,,,,,,,,,,,,,,,,"t at Max V [gfp:485,515]"
,,,,,,,,,,,,,,,,,,,,,,,,,"Lagtime [gfp:485,515]"
,,,,,,,,,,,,,,,,,,,,,,,,,"Max V [gfp:485,515[2]]"
,,,,,,,,,,,,,,,,,,,,,,,,,"R-Squared [gfp:485,515[2]]"
,,,,,,,,,,,,,,,,,,,,,,,,,"t at Max V [gfp:485,515[2]]"
,,,,,,,,,,,,,,,,,,,,,,,,,"Lagtime [gfp:485,515[2]]"
M,,,,,,,,,,,,,,,,,,,,,,,,,"Max V [gfp:485,515]"
,,,,,,,,,,,,,,,,,,,,,,,,,"R-Squared [gfp:485,515]"
,,,,,,,,,,,,,,,,,,,,,,,,,"t at Max V [gfp:485,515]"
,,,,,,,,,,,,,,,,,,,,,,,,,"Lagtime [gfp:485,515]"
,,,,,,,,,,,,,,,,,,,,,,,,,"Max V [gfp:485,515[2]]"
,,,,,,,,,,,,,,,,,,,,,,,,,"R-Squared [gfp:485,515[2]]"
,,,,,,,,,,,,,,,,,,,,,,,,,"t at Max V [gfp:485,515[2]]"
,,,,,,,,,,,,,,,,,,,,,,,,,"Lagtime [gfp:485,515[2]]"
N,,,,,,,,,,,,,,,,,,,,,,,,,"Max V [gfp:485,515]"
,,,,,,,,,,,,,,,,,,,,,,,,,"R-Squared [gfp:485,515]"
,,,,,,,,,,,,,,,,,,,,,,,,,"t at Max V [gfp:485,515]"
,,,,,,,,,,,,,,,,,,,,,,,,,"Lagtime [gfp:485,515]"
,,,,,,,,,,,,,,,,,,,,,,,,,"Max V [gfp:485,515[2]]"
,,,,,,,,,,,,,,,,,,,,,,,,,"R-Squared [gfp:485,515[2]]"
,,,,,,,,,,,,,,,,,,,,,,,,,"t at Max V [gfp:485,515[2]]"
,,,,,,,,,,,,,,,,,,,,,,,,,"Lagtime [gfp:485,515[2]]"
O,,,,,,,,,,,,,,,,,,,,,,,,,"Max V [gfp:485,515]"
,,,,,,,,,,,,,,,,,,,,,,,,,"R-Squared [gfp:485,515]"
,,,,,,,,,,,,,,,,,,,,,,,,,"t at Max V [gfp:485,515]"
,,,,,,,,,,,,,,,,,,,,,,,,,"Lagtime [gfp:485,515]"
,,,,,,,,,,,,,,,,,,,,,,,,,"Max V [gfp:485,515[2]]"
,,,,,,,,,,,,,,,,,,,,,,,,,"R-Squared [gfp:485,515[2]]"
,,,,,,,,,,,,,,,,,,,,,,,,,"t at Max V [gfp:485,515[2]]"
,,,,,,,,,,,,,,,,,,,,,,,,,"Lagtime [gfp:485,515[2]]"
P,,,,,,,,,,,,,,,,,,,,,,,,,"Max V [gfp:485,515]"
,,,,,,,,,,,,,,,,,,,,,,,,,"R-Squared [gfp:485,515]"
,,,,,,,,,,,,,,,,,,,,,,,,,"t at Max V [gfp:485,515]"
,,,,,,,,,,,,,,,,,,,,,,,,,"Lagtime [gfp:485,515]"
,,,,,,,,,,,,,,,,,,,,,,,,,"Max V [gfp:485,515[2]]"
,,,,,,,,,,,,,,,,,,,,,,,,,"R-Squared [gfp:485,515[2]]"
,,,,,,,,,,,,,,,,,,,,,,,,,"t at Max V [gfp:485,515[2]]"
,,,,,,,,,,,,,,,,,,,,,,,,,"Lagtime [gfp:485,515[2]]"